user_id,role,is_active,is_verified,account_created_at
1,organizer,True,True,2025-09-02 22:35:00.688821718
2,organizer,True,True,2025-05-17 05:41:58.463058057
3,organizer,True,True,2025-10-10 10:38:12.672966236
4,organizer,True,True,2025-11-07 20:48:44.076739709
5,organizer,True,True,2025-04-11 18:55:12.784845286
6,organizer,True,True,2025-10-22 19:58:03.922533308
7,organizer,True,True,2025-07-27 15:44:09.206914416
8,organizer,True,True,2025-08-19 14:20:19.073402785
9,organizer,True,True,2025-04-12 01:20:11.235950385
10,organizer,True,True,2025-12-08 10:56:09.167209927
11,organizer,True,True,2024-12-29 03:22:10.489363024
12,organizer,True,True,2026-01-17 07:58:24.268178427
13,organizer,True,True,2025-07-12 01:16:10.614740941
14,organizer,True,True,2025-08-09 12:06:06.162907761
15,organizer,True,True,2026-01-29 21:52:53.816935412
16,organizer,True,True,2025-06-21 06:00:48.021717958
17,organizer,True,True,2025-11-25 20:41:01.389946716
18,organizer,True,True,2026-03-12 18:35:54.726923294
19,organizer,True,True,2025-05-19 03:52:32.512575493
20,organizer,True,True,2026-04-19 18:33:18.885954638
21,organizer,True,True,2026-02-20 09:54:26.967825072
22,organizer,True,True,2025-10-12 16:56:38.425978813
23,organizer,True,True,2025-04-14 00:47:58.921980882
24,organizer,True,True,2025-06-05 02:37:09.189105672
25,organizer,True,True,2025-09-06 08:56:11.660180220
26,organizer,True,True,2026-05-15 00:58:54.922571219
27,organizer,True,False,2026-01-23 16:59:14.328072765
28,organizer,True,True,2025-12-23 20:11:12.883409448
29,organizer,True,True,2026-03-17 18:12:41.597563804
30,organizer,True,True,2026-05-31 11:38:46.374661839
31,organizer,True,True,2025-10-03 06:48:01.424893548
32,organizer,True,True,2025-05-27 15:42:19.681544690
33,organizer,True,True,2026-01-04 20:31:46.496209800
34,organizer,True,True,2025-04-17 19:21:46.974183682
35,organizer,True,True,2026-04-29 14:38:26.021388722
36,organizer,True,True,2026-03-24 00:49:43.280994620
37,organizer,True,True,2025-10-07 11:11:35.260651018
38,organizer,True,True,2026-01-17 04:00:51.087280162
39,organizer,True,True,2025-06-18 19:30:58.237190378
40,organizer,True,True,2025-07-30 04:45:02.295126916
41,organizer,True,True,2026-01-07 03:22:51.337071322
42,organizer,True,True,2026-04-22 03:47:15.068583197
43,organizer,True,True,2026-01-23 13:29:44.582031871
44,organizer,True,True,2025-07-24 12:05:47.019377352
45,organizer,True,True,2025-06-08 14:45:43.903424535
46,organizer,True,True,2026-01-16 13:25:58.191029098
47,organizer,True,True,2026-05-31 18:45:13.020797063
48,organizer,True,True,2026-05-03 19:19:46.618894483
49,organizer,True,True,2025-08-12 11:57:56.123448388
50,organizer,True,True,2026-01-09 12:45:50.110868385
51,organizer,True,True,2026-01-06 01:26:28.525754084
52,organizer,True,True,2026-03-25 15:46:49.361359008
53,organizer,True,True,2026-03-27 12:27:18.532955235
54,organizer,True,True,2025-04-22 17:33:20.720841881
55,organizer,True,True,2025-08-04 10:52:54.052063675
56,organizer,True,True,2026-02-10 15:15:12.055438521
57,organizer,True,True,2025-10-21 15:01:07.201526872
58,organizer,True,True,2025-09-18 14:05:11.490146028
59,organizer,True,True,2024-08-19 22:54:52.222429075
60,organizer,True,True,2026-04-04 14:54:22.881370162
61,organizer,True,True,2025-09-21 06:53:58.454360964
62,organizer,True,True,2025-04-24 04:09:40.081824435
63,organizer,True,True,2024-10-08 22:54:43.551088537
64,organizer,True,True,2026-02-16 22:19:06.823737673
65,organizer,True,True,2026-01-11 08:41:00.025259217
66,organizer,True,True,2025-06-16 09:05:21.373042431
67,organizer,True,True,2026-05-16 02:52:35.044944733
68,organizer,True,True,2025-08-31 23:52:48.145276719
69,organizer,True,True,2024-03-16 11:16:05.876239596
70,organizer,True,True,2025-08-09 02:46:20.139960340
71,organizer,False,True,2026-06-25 03:05:11.408460188
72,organizer,True,True,2026-03-11 08:40:19.014762493
73,organizer,False,True,2026-02-13 03:10:43.035211152
74,organizer,True,True,2025-02-16 03:28:28.132708654
75,organizer,True,True,2025-12-03 20:24:47.758509836
76,organizer,True,True,2026-05-30 22:32:42.002857819
77,organizer,True,True,2025-11-14 19:40:13.810494787
78,organizer,True,True,2025-10-09 22:44:52.629970967
79,organizer,True,True,2026-01-28 00:12:32.922223431
80,organizer,True,True,2026-03-29 05:09:14.719309059
81,organizer,True,True,2024-02-05 00:00:00.000000000
82,organizer,True,True,2025-04-23 05:40:33.855498521
83,organizer,True,True,2025-03-27 21:53:06.677489591
84,organizer,True,True,2025-12-03 11:56:15.428951235
85,organizer,True,True,2026-02-18 23:15:53.366978719
86,organizer,True,True,2026-01-21 09:23:25.057444356
87,organizer,True,True,2026-04-29 19:32:21.778152378
88,organizer,True,False,2024-08-28 07:34:23.440717693
89,organizer,True,True,2025-11-26 17:00:47.389909237
90,organizer,True,True,2024-12-01 19:24:38.524952348
91,organizer,True,True,2026-01-14 15:36:44.102310625
92,organizer,True,True,2025-08-05 18:39:54.140848543
93,organizer,True,True,2025-09-29 00:40:24.872346054
94,organizer,True,True,2026-05-07 17:30:05.869956655
95,organizer,True,True,2024-07-04 21:17:21.899896124
96,organizer,True,True,2026-01-10 07:44:42.290156167
97,organizer,True,True,2026-04-13 09:00:09.504637036
98,organizer,True,True,2025-06-14 06:56:13.481596680
99,organizer,True,True,2025-11-05 15:28:59.685293894
100,organizer,True,True,2025-08-26 15:11:00.804351377
101,organizer,True,True,2025-10-17 22:53:59.452681137
102,organizer,True,True,2026-06-21 08:53:49.440151614
103,organizer,True,True,2026-03-15 01:12:38.909339142
104,organizer,True,True,2026-03-19 05:16:02.436473093
105,organizer,True,True,2025-04-01 09:54:04.902861364
106,organizer,True,True,2025-10-29 18:19:42.706439038
107,organizer,True,True,2025-07-22 15:30:28.036750128
108,organizer,True,True,2026-01-01 11:10:39.880676145
109,organizer,True,True,2025-07-10 15:11:59.230388248
110,organizer,True,True,2025-12-03 02:52:41.954523554
111,organizer,True,True,2025-12-15 04:32:57.761649298
112,organizer,True,True,2025-09-30 09:59:43.366990748
113,organizer,True,True,2025-10-17 23:21:21.737150162
114,organizer,True,True,2024-02-05 00:00:00.000000000
115,organizer,True,True,2026-03-16 06:07:13.781730545
116,organizer,True,True,2026-05-15 12:56:23.728523177
117,organizer,True,True,2025-08-31 12:45:01.122563716
118,organizer,True,True,2026-02-28 18:54:22.204601419
119,organizer,True,True,2026-06-25 19:04:22.052763714
120,organizer,True,True,2026-04-08 18:12:35.419273814
121,organizer,True,True,2024-02-05 00:00:00.000000000
122,organizer,True,True,2026-03-19 01:36:18.490687157
123,organizer,True,True,2026-06-05 07:22:29.143909612
124,organizer,True,True,2024-02-05 00:00:00.000000000
125,organizer,True,True,2026-04-12 07:49:22.737919118
126,organizer,True,True,2024-02-05 00:00:00.000000000
127,organizer,True,True,2026-01-07 23:09:52.111484894
128,organizer,True,True,2024-07-02 22:38:09.528015023
129,organizer,True,True,2025-12-18 19:56:39.451002182
130,organizer,True,True,2025-08-04 08:57:31.245788002
131,customer,True,False,2025-11-29 10:29:34.502142668
132,customer,True,True,2025-12-17 15:03:54.549787459
133,customer,True,True,2025-09-18 16:40:54.990327225
134,customer,True,False,2025-07-26 16:45:32.611572772
135,customer,True,True,2025-10-04 19:04:53.658776537
136,customer,True,True,2025-10-25 08:48:18.098470703
137,customer,True,True,2026-02-27 19:30:12.197587652
138,customer,True,False,2025-11-22 20:05:26.108655424
139,customer,True,True,2024-08-30 10:03:16.571801742
140,customer,True,True,2026-03-05 03:15:26.721370276
141,customer,True,False,2025-09-12 11:06:37.410291574
142,customer,True,True,2025-01-08 04:53:05.577378490
143,customer,True,False,2025-07-24 15:33:10.767557235
144,customer,True,True,2025-03-29 02:26:59.592104664
145,customer,True,False,2026-04-13 17:16:19.551577622
146,customer,True,True,2025-09-11 21:48:28.556270131
147,customer,True,True,2025-12-26 15:54:53.992738659
148,customer,True,False,2025-12-19 23:04:53.111485529
149,customer,True,True,2024-10-06 01:35:00.373950050
150,customer,True,True,2025-12-17 09:40:23.766822155
151,customer,True,True,2025-09-04 20:42:43.018798050
152,customer,True,False,2026-06-05 05:51:59.948745400
153,customer,True,True,2024-07-03 11:08:11.653813623
154,customer,True,False,2025-04-16 04:01:38.974844796
155,customer,True,True,2025-11-16 05:19:36.022605606
156,customer,True,True,2026-01-02 13:29:21.486945976
157,customer,True,True,2025-06-29 15:00:02.539156188
158,customer,True,False,2025-01-12 13:36:25.303199277
159,customer,True,True,2024-06-27 00:52:31.071075958
160,customer,True,True,2025-04-26 03:28:27.709327036
161,customer,True,True,2025-10-22 17:31:33.349831220
162,customer,True,False,2025-03-11 00:07:31.921441433
163,customer,True,True,2025-05-08 15:22:45.281809100
164,customer,True,True,2025-10-21 23:14:54.470815723
165,customer,True,True,2025-05-17 03:00:53.277060589
166,customer,True,True,2025-05-22 11:37:09.468089406
167,customer,True,True,2025-11-17 06:21:51.086748312
168,customer,True,True,2026-01-30 19:03:56.966887942
169,customer,True,True,2025-06-15 18:29:24.727934406
170,customer,True,True,2026-04-03 13:33:05.979668147
171,customer,True,True,2026-04-24 03:09:40.044899319
172,customer,True,True,2025-09-01 07:52:48.847952641
173,customer,True,True,2025-06-23 01:47:19.910668704
174,customer,True,True,2025-09-03 00:26:23.048288446
175,customer,True,True,2025-08-09 05:39:41.118822801
176,customer,False,True,2025-06-27 13:30:05.680417361
177,customer,True,True,2024-10-04 11:45:50.847434016
178,customer,True,True,2025-04-20 23:40:06.863385070
179,customer,True,True,2025-04-30 01:32:54.262591780
180,customer,True,True,2025-09-18 13:03:06.766147875
181,customer,True,True,2025-09-10 11:17:51.985790912
182,customer,True,True,2025-12-01 21:09:58.152994745
183,customer,True,True,2025-08-16 06:12:58.607795598
184,customer,True,True,2026-04-08 08:25:36.709511935
185,customer,True,True,2024-10-02 12:57:23.834861208
186,customer,True,True,2026-03-12 12:03:27.667798134
187,customer,True,True,2025-04-21 14:21:22.323822406
188,customer,True,True,2024-11-24 03:22:12.758355717
189,customer,True,True,2025-04-22 07:28:27.630681474
190,customer,False,True,2024-02-05 00:00:00.000000000
191,customer,True,True,2026-06-19 02:10:20.670247408
192,customer,True,True,2026-01-21 19:14:11.471868822
193,customer,True,True,2024-11-30 15:03:50.069473684
194,customer,True,True,2026-04-27 09:50:29.810054340
195,customer,True,True,2026-03-09 00:52:31.165773831
196,customer,True,True,2025-07-14 00:46:50.833164009
197,customer,True,True,2025-10-25 03:09:32.868799670
198,customer,True,True,2025-07-29 13:56:17.793964392
199,customer,True,True,2025-10-08 07:44:22.484347605
200,customer,True,True,2025-09-19 07:50:06.830821793
201,customer,True,True,2026-02-25 14:36:59.700725298
202,customer,True,True,2025-09-26 04:36:41.903691832
203,customer,True,True,2026-01-11 23:26:44.245691624
204,customer,True,False,2025-12-22 06:55:44.661300356
205,customer,True,True,2025-04-25 17:19:03.003079271
206,customer,True,True,2026-05-01 11:34:31.560785478
207,customer,True,True,2026-07-03 03:02:47.257915658
208,customer,True,False,2025-05-17 12:14:05.540229298
209,customer,True,True,2025-09-25 23:29:52.534810758
210,customer,True,True,2024-11-24 13:37:38.370614431
211,customer,True,True,2026-03-05 22:40:22.982119525
212,customer,True,True,2025-11-22 23:34:50.950714579
213,customer,True,True,2025-10-17 15:30:11.576242844
214,customer,True,False,2026-02-10 16:05:37.209841942
215,customer,True,False,2026-03-20 09:28:12.709833955
216,customer,True,False,2025-05-02 20:31:54.503057433
217,customer,False,True,2026-05-08 21:55:29.613313546
218,customer,True,True,2026-04-06 10:42:53.278609617
219,customer,True,True,2025-11-28 22:43:48.880875715
220,customer,True,True,2025-03-28 20:31:20.880074013
221,customer,True,True,2026-02-02 01:32:49.369174533
222,customer,True,True,2026-02-18 21:37:47.029931939
223,customer,True,True,2025-12-09 05:15:28.024898176
224,customer,True,False,2025-08-21 03:31:31.058146468
225,customer,True,False,2026-01-03 21:40:18.517668295
226,customer,True,True,2025-02-15 18:25:05.155010259
227,customer,True,True,2025-02-01 05:47:52.593343268
228,customer,True,True,2025-11-28 22:56:56.796200685
229,customer,True,True,2024-04-04 15:57:44.439654117
230,customer,True,True,2025-10-22 04:04:29.260576776
231,customer,True,True,2025-02-13 00:32:30.978291299
232,customer,True,True,2025-08-27 15:22:55.775709417
233,customer,True,False,2025-08-31 21:46:54.947002852
234,customer,True,False,2026-05-25 01:01:13.682760373
235,customer,True,True,2026-04-14 10:12:01.560329257
236,customer,True,True,2025-12-26 19:57:15.078557783
237,customer,True,True,2025-02-03 21:33:22.153443740
238,customer,True,True,2025-08-24 08:33:34.004586266
239,customer,True,True,2025-12-25 08:56:18.191920558
240,customer,True,True,2025-06-20 10:36:48.656899881
241,customer,True,True,2025-02-16 18:59:02.463600743
242,customer,True,True,2025-11-03 10:51:16.762296382
243,customer,True,True,2025-09-20 15:10:30.270528659
244,customer,True,False,2025-10-17 18:24:48.547274801
245,customer,True,True,2025-11-15 09:04:34.626168570
246,customer,True,True,2026-03-07 04:57:09.035332972
247,customer,True,False,2026-03-16 01:12:25.428938308
248,customer,True,True,2025-06-22 03:13:03.321480663
249,customer,True,True,2025-02-10 06:13:19.388472572
250,customer,True,False,2025-12-25 16:25:42.840011612
251,customer,True,True,2025-12-29 08:58:16.506996868
252,customer,True,True,2026-06-09 18:16:32.658500574
253,customer,True,True,2026-06-18 10:49:56.593638227
254,customer,True,True,2024-11-12 08:35:52.052805793
255,customer,True,True,2026-02-27 13:01:25.345492392
256,customer,True,True,2024-02-05 00:00:00.000000000
257,customer,True,True,2026-02-05 18:03:18.125300912
258,customer,True,True,2026-05-22 23:14:13.076007539
259,customer,True,False,2025-10-16 04:09:44.684647457
260,customer,True,True,2025-05-06 08:14:01.512109758
261,customer,True,True,2025-06-07 20:30:40.296046246
262,customer,True,False,2025-04-06 13:44:20.450352838
263,customer,True,True,2026-03-29 18:38:12.390366028
264,customer,True,True,2024-11-21 20:22:09.278480102
265,customer,True,True,2024-10-29 16:22:58.376122223
266,customer,True,True,2024-10-11 20:36:43.270171641
267,customer,True,True,2025-09-13 02:18:49.033264315
268,customer,True,True,2026-01-06 22:29:06.837529408
269,customer,True,False,2026-01-20 10:03:35.583774362
270,customer,True,True,2026-05-23 07:40:11.043040527
271,customer,True,True,2026-02-02 18:26:21.100245997
272,customer,True,True,2026-07-05 04:55:31.216680141
273,customer,True,False,2026-05-31 17:22:35.819233430
274,customer,True,True,2025-09-15 08:58:25.698419363
275,customer,True,True,2025-12-20 04:44:27.982701753
276,customer,True,True,2025-09-24 19:13:18.885511123
277,customer,True,True,2025-05-28 19:21:04.755625172
278,customer,True,False,2025-08-15 21:11:15.580884627
279,customer,True,True,2025-09-04 18:28:26.300432036
280,customer,True,True,2025-11-20 23:22:55.163886494
281,customer,True,True,2026-03-03 22:11:59.420886029
282,customer,True,True,2026-04-26 17:54:27.952972497
283,customer,True,True,2026-01-30 03:15:04.323284162
284,customer,True,True,2025-11-17 22:54:16.986594822
285,customer,True,True,2025-10-25 18:17:02.310307561
286,customer,True,True,2025-04-05 21:34:08.279167325
287,customer,True,True,2025-12-04 00:42:41.300730640
288,customer,True,True,2025-07-08 02:28:39.641414492
289,customer,True,True,2026-05-14 07:42:26.427909560
290,customer,True,True,2025-09-12 06:32:54.294120157
291,customer,True,False,2025-09-27 15:30:35.639484734
292,customer,True,False,2024-11-21 17:07:35.856296064
293,customer,True,False,2025-12-20 01:15:52.038328977
294,customer,True,True,2025-12-26 22:16:41.261009474
295,customer,True,True,2025-05-26 19:39:07.625981935
296,customer,True,False,2026-04-20 07:13:27.186264132
297,customer,True,True,2025-09-17 23:51:56.255532334
298,customer,True,True,2026-04-24 16:19:56.711959004
299,customer,True,False,2024-05-27 13:36:57.767791657
300,customer,True,True,2026-01-16 15:42:15.449847331
301,customer,True,True,2026-04-30 02:20:27.459485135
302,customer,True,True,2026-01-31 03:08:51.838446506
303,customer,True,True,2025-09-16 15:56:09.195568487
304,customer,True,True,2025-07-16 03:56:34.329214326
305,customer,True,True,2024-12-12 05:48:57.372804199
306,customer,True,True,2026-02-16 12:03:19.876002564
307,customer,True,True,2025-05-13 21:19:58.068886726
308,customer,True,True,2026-05-31 15:59:28.984639509
309,customer,True,True,2026-04-05 18:44:43.386214157
310,customer,True,True,2026-05-12 08:26:39.453158179
311,customer,True,False,2026-03-10 13:55:29.578086688
312,customer,False,True,2025-05-26 23:18:00.533928428
313,customer,True,False,2026-02-13 09:25:13.659339787
314,customer,True,True,2026-01-19 05:11:30.931925672
315,customer,True,True,2025-09-10 18:45:12.148571610
316,customer,True,True,2025-07-26 19:03:16.685468727
317,customer,True,True,2026-01-14 18:15:15.728535507
318,customer,True,True,2026-04-06 10:49:20.734117729
319,customer,True,True,2024-08-16 13:27:45.275804776
320,customer,True,True,2026-01-13 18:33:11.828778282
321,customer,True,False,2025-12-29 16:04:34.165195153
322,customer,True,True,2025-12-09 08:05:42.835978401
323,customer,True,False,2025-06-30 09:31:03.441373346
324,customer,True,True,2026-05-17 23:00:46.953241658
325,customer,True,False,2024-02-21 13:56:58.974819047
326,customer,True,True,2026-01-03 00:35:22.625826807
327,customer,True,True,2025-06-21 10:24:07.757402380
328,customer,True,True,2026-04-29 03:56:29.939142717
329,customer,True,False,2025-10-02 22:40:14.140686418
330,customer,True,True,2024-05-16 22:26:29.459003718
331,customer,True,True,2024-07-26 05:03:17.684403385
332,customer,True,False,2025-06-28 11:24:09.939261056
333,customer,True,True,2026-03-18 03:23:15.921445077
334,customer,True,True,2025-01-01 08:46:22.906581333
335,customer,True,True,2026-06-01 02:05:37.149097768
336,customer,True,True,2026-03-22 01:32:25.997153983
337,customer,True,True,2025-11-19 23:08:01.320715430
338,customer,True,True,2026-05-26 21:26:34.650298113
339,customer,True,True,2026-01-31 10:35:46.475286519
340,customer,True,True,2025-05-07 23:08:10.071035909
341,customer,False,True,2026-02-26 19:30:11.848554738
342,customer,True,False,2025-04-23 23:31:35.270818104
343,customer,True,True,2024-02-05 00:00:00.000000000
344,customer,True,True,2025-08-15 06:32:14.333703795
345,customer,True,True,2025-04-29 05:40:21.636902010
346,customer,True,True,2024-12-19 16:19:09.698113696
347,customer,True,True,2026-01-18 09:59:08.058673591
348,customer,True,True,2025-05-06 08:15:45.005560062
349,customer,True,True,2026-01-21 23:22:07.936731561
350,customer,True,True,2025-08-31 20:52:57.462769074
351,customer,False,False,2025-03-21 23:41:40.522152895
352,customer,True,True,2026-03-13 01:06:32.125464248
353,customer,True,True,2026-07-02 15:40:18.425377172
354,customer,True,True,2026-03-23 12:56:46.829592912
355,customer,True,True,2025-02-01 17:52:27.246860150
356,customer,True,True,2026-04-05 09:46:05.981219959
357,customer,True,False,2025-02-21 05:34:42.508218767
358,customer,True,True,2026-03-23 00:14:24.681833074
359,customer,True,True,2025-12-14 19:00:50.012255791
360,customer,True,True,2025-11-07 06:26:20.666414308
361,customer,True,True,2026-04-05 20:43:15.423621122
362,customer,True,False,2025-12-12 22:20:07.752136393
363,customer,True,True,2026-05-23 03:40:00.393915867
364,customer,True,True,2026-01-05 05:05:00.339960495
365,customer,True,True,2025-11-22 15:14:34.421118556
366,customer,True,False,2026-07-01 04:39:49.586021856
367,customer,True,False,2026-03-24 10:18:13.725245253
368,customer,True,True,2025-09-07 19:15:11.312948520
369,customer,True,True,2026-04-16 17:06:02.091929156
370,customer,True,True,2025-08-01 07:28:11.747281469
371,customer,True,True,2025-07-08 00:38:34.270992753
372,customer,True,True,2025-09-08 18:32:11.009359951
373,customer,True,True,2025-05-09 21:11:16.309409799
374,customer,True,True,2026-05-27 04:31:48.958496830
375,customer,True,True,2025-03-07 09:52:43.317331830
376,customer,True,True,2026-04-04 07:28:15.854942928
377,customer,True,True,2025-10-16 06:17:38.665884639
378,customer,True,True,2024-06-05 23:43:07.892015601
379,customer,True,True,2026-01-08 12:20:21.771256094
380,customer,True,False,2025-11-02 11:17:03.505410649
381,customer,True,False,2026-04-03 17:03:44.930635497
382,customer,True,True,2024-06-10 21:31:15.951384512
383,customer,True,True,2026-03-24 04:41:19.206140966
384,customer,True,True,2025-06-15 05:39:26.568427778
385,customer,True,True,2024-12-20 08:25:32.741731082
386,customer,True,True,2025-05-20 00:37:06.147292717
387,customer,True,True,2025-08-25 21:52:15.362724047
388,customer,True,True,2025-10-19 08:14:29.048569890
389,customer,True,True,2026-04-29 23:40:30.479331939
390,customer,True,True,2024-07-02 19:52:24.109901642
391,customer,True,True,2025-09-13 17:56:40.480186915
392,customer,True,True,2025-11-02 08:30:19.396257083
393,customer,True,True,2026-04-11 23:39:09.362436895
394,customer,True,False,2025-10-23 22:41:10.375652985
395,customer,True,True,2025-11-14 08:06:13.466688731
396,customer,True,True,2024-06-06 00:02:08.679688403
397,customer,True,True,2025-11-02 11:18:40.767848335
398,customer,True,True,2025-10-27 02:50:23.935451810
399,customer,True,True,2026-04-10 20:17:43.852533746
400,customer,True,True,2026-03-02 23:25:52.772147953
401,customer,True,True,2025-07-17 04:17:19.975614473
402,customer,True,True,2026-06-07 02:14:16.306071720
403,customer,True,True,2025-03-09 04:47:35.437264884
404,customer,True,False,2025-02-28 05:48:30.379375187
405,customer,True,True,2026-03-15 06:27:52.017590051
406,customer,True,False,2025-08-25 01:18:53.200266596
407,customer,True,True,2024-12-07 23:55:41.498523645
408,customer,True,True,2025-11-29 03:38:29.011424972
409,customer,True,True,2025-12-31 01:48:46.026655428
410,customer,True,True,2025-12-11 10:42:13.431915597
411,customer,True,True,2025-09-14 06:00:01.949734481
412,customer,True,True,2026-02-15 07:59:04.638147905
413,customer,True,True,2026-01-13 06:19:40.483157189
414,customer,True,True,2025-09-09 20:21:56.366490284
415,customer,True,True,2026-01-25 07:58:08.972038851
416,customer,True,True,2026-04-18 21:08:24.186252097
417,customer,True,True,2026-06-11 12:27:52.554779010
418,customer,True,True,2025-10-29 16:59:48.547548436
419,customer,True,True,2024-12-31 19:53:17.813767440
420,customer,True,False,2025-08-13 09:11:01.834162723
421,customer,True,True,2026-04-15 11:21:52.221599859
422,customer,True,True,2026-03-03 20:15:20.464421326
423,customer,True,True,2026-01-01 05:41:31.992999369
424,customer,True,True,2024-05-21 03:07:40.142505415
425,customer,True,True,2024-04-23 16:03:03.107026461
426,customer,True,True,2024-06-23 05:42:49.383930546
427,customer,True,True,2025-10-09 18:55:08.999756300
428,customer,True,False,2024-02-05 00:00:00.000000000
429,customer,True,True,2026-02-25 22:46:02.228315745
430,customer,True,True,2026-01-06 22:43:19.380747003
431,customer,True,True,2025-04-03 11:59:53.827998409
432,customer,False,True,2025-09-08 16:16:25.475661512
433,customer,True,True,2025-08-26 20:30:51.027076141
434,customer,True,True,2026-03-31 02:15:52.825889872
435,customer,True,True,2025-11-15 16:20:29.374058285
436,customer,True,True,2026-02-24 03:20:54.296678395
437,customer,True,True,2026-05-05 12:03:18.621536789
438,customer,True,True,2026-02-09 08:02:21.734652152
439,customer,True,True,2025-09-08 14:45:49.612016719
440,customer,True,True,2025-05-24 04:56:25.854652643
441,customer,True,True,2026-06-13 05:04:15.898460889
442,customer,True,True,2025-11-07 00:23:00.808063006
443,customer,True,True,2025-11-23 22:53:07.549113028
444,customer,True,False,2025-09-20 02:30:34.440710288
445,customer,True,True,2026-04-13 18:55:01.029127305
446,customer,True,True,2026-04-11 23:17:18.689030460
447,customer,True,False,2024-12-21 21:16:16.114979877
448,customer,True,False,2026-03-13 19:35:48.624150129
449,customer,True,True,2026-01-14 06:10:17.565565121
450,customer,True,True,2025-12-29 21:01:29.353593064
451,customer,True,True,2026-02-21 19:38:53.203130860
452,customer,True,False,2025-07-24 22:48:53.164764228
453,customer,True,True,2025-08-14 19:35:42.147166094
454,customer,True,True,2025-12-01 20:47:54.411339728
455,customer,True,True,2026-02-14 12:40:04.879089132
456,customer,True,False,2025-12-15 10:59:56.714649052
457,customer,True,True,2025-10-22 01:31:05.758999997
458,customer,True,True,2026-03-03 16:46:45.169067456
459,customer,True,False,2025-07-06 08:11:37.552997717
460,customer,True,True,2025-03-11 15:32:01.079712779
461,customer,True,True,2024-10-18 10:03:39.085553152
462,customer,True,True,2024-11-12 12:07:56.644122173
463,customer,True,True,2025-12-30 21:07:36.179822957
464,customer,False,True,2025-10-12 04:36:09.956383604
465,customer,True,True,2025-12-05 04:15:58.407000374
466,customer,True,True,2025-12-05 19:18:19.290480838
467,customer,True,True,2025-12-16 14:58:54.805275976
468,customer,True,True,2025-11-03 12:20:20.609626938
469,customer,True,False,2025-01-16 09:28:18.844028997
470,customer,True,True,2025-09-01 20:34:32.435647980
471,customer,True,False,2026-04-17 18:36:35.652872166
472,customer,True,True,2025-03-25 09:30:39.041247540
473,customer,True,True,2025-09-23 01:33:43.133141768
474,customer,True,True,2025-07-22 02:32:56.998266499
475,customer,True,False,2025-09-06 07:40:30.397869835
476,customer,True,True,2025-08-27 00:30:05.236567071
477,customer,True,True,2025-08-16 09:00:19.382083774
478,customer,True,True,2026-06-03 03:18:21.673967576
479,customer,True,True,2025-07-25 06:31:14.951357752
480,customer,True,True,2026-02-26 13:57:00.514279533
481,customer,True,True,2026-01-25 17:56:05.236295845
482,customer,True,True,2025-11-05 00:48:33.176394597
483,customer,True,False,2024-08-14 08:30:56.368181702
484,customer,True,True,2026-04-02 07:51:49.092925225
485,customer,True,True,2025-11-11 10:03:34.805044008
486,customer,True,True,2025-12-20 14:39:08.879969212
487,customer,True,False,2025-03-29 23:42:12.601786776
488,customer,True,True,2025-12-25 02:42:05.350822296
489,customer,True,True,2025-09-20 14:57:33.481348085
490,customer,True,True,2026-04-02 00:57:46.082447819
491,customer,True,True,2025-02-04 07:16:53.301325340
492,customer,True,True,2026-05-11 18:55:57.196740381
493,customer,True,True,2025-07-28 15:17:59.450845903
494,customer,True,True,2025-09-19 06:27:05.122222981
495,customer,True,True,2025-08-18 07:33:50.707499720
496,customer,True,False,2026-05-10 18:06:17.981344296
497,customer,True,False,2025-12-28 09:10:21.482237963
498,customer,True,True,2025-04-14 06:41:33.625901441
499,customer,True,True,2024-06-07 06:20:06.920953322
500,customer,True,True,2025-11-25 02:22:59.640491557
501,customer,True,True,2025-05-12 20:08:50.121639719
502,customer,True,True,2025-10-09 20:21:16.680625172
503,customer,True,True,2025-11-15 20:13:39.863980448
504,customer,True,True,2026-01-15 04:46:37.079246257
505,customer,True,True,2025-11-04 02:14:55.890260414
506,customer,True,True,2025-06-07 09:37:12.475395218
507,customer,True,True,2025-05-15 16:24:23.089357590
508,customer,True,True,2026-04-25 20:19:57.614237792
509,customer,True,True,2026-01-28 05:20:15.128475545
510,customer,True,True,2026-04-06 22:11:52.203344119
511,customer,True,True,2025-10-25 13:25:47.118053102
512,customer,True,True,2026-01-02 22:40:57.432671210
513,customer,True,True,2025-08-26 02:48:12.628154616
514,customer,True,False,2025-08-10 04:14:36.096731898
515,customer,True,True,2026-06-27 04:45:24.291264652
516,customer,True,True,2025-11-05 13:14:39.294402326
517,customer,True,True,2025-01-09 07:41:42.952045445
518,customer,True,True,2026-01-28 03:58:48.640702464
519,customer,True,True,2026-02-01 04:44:13.399683274
520,customer,True,True,2025-03-12 00:30:01.910429407
521,customer,True,True,2025-05-02 06:46:36.797341181
522,customer,True,True,2026-03-28 01:21:28.264735789
523,customer,True,False,2025-05-30 23:31:58.949958686
524,customer,True,True,2026-03-05 01:01:33.485941788
525,customer,True,False,2026-02-02 14:35:53.929732091
526,customer,True,True,2026-03-28 03:36:29.294693116
527,customer,True,True,2026-04-26 11:51:18.211976972
528,customer,True,True,2025-10-14 03:03:42.762517961
529,customer,True,True,2026-05-08 12:05:41.766111301
530,customer,True,True,2025-10-05 22:40:29.311098874
531,customer,True,False,2025-10-12 08:52:12.338729219
532,customer,True,False,2025-12-02 23:23:21.401976414
533,customer,True,True,2026-01-21 14:47:07.403416129
534,customer,True,True,2026-02-17 13:23:19.552038666
535,customer,True,True,2026-04-09 18:11:18.413053291
536,customer,True,True,2024-10-15 08:04:11.390117469
537,customer,True,True,2025-12-10 13:06:34.831512127
538,customer,True,True,2025-12-16 02:48:45.103070699
539,customer,True,True,2026-03-23 06:37:56.876182989
540,customer,True,True,2024-11-27 11:18:03.988223134
541,customer,True,True,2026-02-09 13:48:33.436415555
542,customer,True,True,2025-09-16 05:09:26.461403643
543,customer,True,False,2025-08-04 21:08:56.471954471
544,customer,True,True,2025-10-13 23:26:29.064161596
545,customer,True,True,2026-05-10 05:51:26.025428564
546,customer,True,True,2025-06-11 17:51:54.308510606
547,customer,True,False,2026-02-10 21:45:26.037350079
548,customer,True,True,2025-05-05 05:15:19.067472326
549,customer,True,True,2025-11-17 06:55:13.976294158
550,customer,True,True,2025-07-21 04:43:01.590760592
551,customer,True,True,2024-12-22 20:34:05.303798461
552,customer,True,True,2025-06-21 17:25:46.557977028
553,customer,True,True,2025-07-15 03:11:37.288131530
554,customer,True,False,2025-05-30 09:57:47.719109567
555,customer,True,True,2026-03-09 02:15:26.132788772
556,customer,True,True,2025-04-22 18:08:31.825964893
557,customer,True,True,2025-12-23 06:19:12.747417678
558,customer,True,True,2025-12-18 00:16:40.605166442
559,customer,True,True,2025-10-20 06:21:32.059907885
560,customer,True,True,2026-01-06 20:34:36.342556110
561,customer,True,True,2026-03-31 19:46:02.039384571
562,customer,True,False,2025-11-04 01:43:08.251008471
563,customer,True,True,2025-12-17 05:30:41.632543438
564,customer,True,True,2025-12-23 00:14:14.481399705
565,customer,True,True,2025-11-23 01:09:42.673931589
566,customer,True,False,2026-06-23 13:52:26.366160703
567,customer,True,True,2025-12-21 19:49:10.516908288
568,customer,True,True,2024-11-06 06:36:41.099633445
569,customer,True,True,2024-12-07 15:06:08.719860854
570,customer,True,False,2025-10-28 11:32:37.355417832
571,customer,True,True,2025-11-03 22:33:23.949205440
572,customer,True,True,2026-07-02 15:01:38.674299300
573,customer,True,True,2026-02-03 09:39:22.850283477
574,customer,True,True,2025-06-02 04:39:15.440449211
575,customer,True,True,2026-01-10 11:44:14.611385337
576,customer,True,True,2025-02-26 22:30:16.297262347
577,customer,True,True,2025-03-18 21:37:13.115202554
578,customer,True,False,2026-02-06 00:35:29.393641986
579,customer,True,True,2025-10-13 22:23:19.965007286
580,customer,True,False,2024-10-05 13:11:17.146557278
581,customer,True,True,2026-05-11 20:35:13.532180027
582,customer,True,True,2026-01-07 04:10:10.201284624
583,customer,True,True,2026-05-18 22:50:25.759186498
584,customer,True,True,2026-03-17 03:56:22.641364444
585,customer,True,True,2024-06-04 08:17:22.903396705
586,customer,True,True,2026-01-07 05:23:58.657125944
587,customer,True,False,2026-06-14 02:27:03.249238568
588,customer,True,True,2026-04-01 20:04:40.408195213
589,customer,True,False,2026-05-25 19:14:44.099583332
590,customer,True,True,2025-10-06 04:40:03.185998208
591,customer,True,True,2025-08-08 09:42:54.615862867
592,customer,True,True,2025-04-18 17:26:14.289193577
593,customer,True,True,2025-06-16 23:07:26.748478140
594,customer,True,True,2026-05-08 10:12:57.190286417
595,customer,True,True,2025-08-20 08:47:48.667696619
596,customer,True,True,2025-11-30 17:12:58.293891600
597,customer,True,True,2025-03-05 16:50:51.918627838
598,customer,True,True,2025-05-17 07:48:57.222864695
599,customer,True,False,2024-03-31 17:05:01.898576112
600,customer,True,True,2026-03-24 20:20:34.333065871
601,customer,True,True,2026-04-08 07:46:57.646919134
602,customer,True,True,2026-01-26 01:39:23.618298929
603,customer,True,True,2025-11-23 18:25:13.053069829
604,customer,True,False,2026-02-21 13:52:02.431394231
605,customer,True,False,2026-03-19 09:06:45.351789696
606,customer,True,True,2025-09-04 12:42:09.486045375
607,customer,False,True,2026-01-26 11:55:50.788838784
608,customer,True,False,2026-02-26 18:29:55.317021121
609,customer,True,True,2026-05-08 13:29:53.995055859
610,customer,True,True,2026-06-30 00:13:41.405226099
611,customer,True,True,2024-11-25 11:35:10.990734360
612,customer,True,True,2024-12-06 22:17:14.217054430
613,customer,True,True,2025-05-08 14:01:18.796877127
614,customer,True,True,2025-07-14 02:09:50.836447875
615,customer,True,False,2026-02-08 04:13:01.396604252
616,customer,True,True,2025-07-03 17:16:13.872540787
617,customer,True,False,2026-04-14 23:15:16.545060700
618,customer,True,True,2025-10-18 18:26:40.440893799
619,customer,True,True,2026-03-08 20:04:01.977443297
620,customer,True,True,2025-07-02 15:23:00.463448398
621,customer,True,True,2024-09-07 06:08:00.524020601
622,customer,True,False,2026-04-02 05:06:18.396836433
623,customer,True,True,2026-02-01 15:23:08.864018670
624,customer,True,False,2025-10-22 10:41:34.155087602
625,customer,True,True,2026-06-08 08:37:11.614286730
626,customer,True,True,2026-05-22 20:27:47.555422581
627,customer,True,True,2024-09-19 22:22:19.321918655
628,customer,True,True,2025-09-03 13:07:34.023327431
629,customer,True,True,2026-02-15 09:21:44.831199580
630,customer,True,True,2025-11-11 23:15:24.641844201
631,customer,True,True,2026-01-25 11:30:47.556126358
632,customer,False,True,2025-10-16 14:05:54.185367558
633,customer,True,True,2026-01-20 04:56:12.830217458
634,customer,True,True,2025-11-26 03:24:45.445326699
635,customer,True,True,2025-06-09 11:14:13.231749527
636,customer,True,True,2025-06-26 21:34:36.231303792
637,customer,True,True,2024-10-13 20:36:41.163759124
638,customer,True,True,2025-08-18 14:51:22.909635908
639,customer,True,True,2025-10-31 04:10:19.939541195
640,customer,True,True,2024-08-13 03:58:13.719013064
641,customer,True,True,2025-12-14 04:35:41.427730695
642,customer,True,True,2026-06-26 19:03:28.594714565
643,customer,True,True,2025-05-04 23:19:21.871465122
644,customer,True,True,2025-09-14 18:36:42.258979049
645,customer,True,True,2025-11-09 02:03:14.479355840
646,customer,True,True,2025-04-27 04:34:59.713060104
647,customer,True,True,2026-01-18 23:20:39.135190494
648,customer,True,True,2026-06-25 00:04:17.512317696
649,customer,True,True,2025-04-21 07:01:26.054855012
650,customer,True,False,2026-02-19 20:42:32.957771236
651,customer,True,True,2026-03-29 05:46:59.134621538
652,customer,True,True,2026-06-22 23:29:57.334778552
653,customer,True,False,2025-05-16 07:48:45.029966645
654,customer,True,False,2026-07-07 22:08:05.668481242
655,customer,True,True,2024-12-25 19:02:52.687745797
656,customer,True,False,2026-01-04 15:54:37.654730548
657,customer,True,True,2025-05-02 14:03:36.153977101
658,customer,True,True,2025-08-11 12:49:50.469585350
659,customer,True,True,2024-05-21 14:18:11.431500224
660,customer,True,True,2025-08-17 22:29:45.454377074
661,customer,True,True,2025-01-08 10:27:40.987480839
662,customer,True,True,2026-02-05 22:05:56.258491932
663,customer,True,True,2026-05-23 02:37:26.147063030
664,customer,True,True,2025-03-17 11:55:35.022857270
665,customer,True,True,2026-05-24 23:52:03.323568159
666,customer,True,True,2025-05-19 11:43:24.103306180
667,customer,True,False,2026-04-10 01:12:00.817421856
668,customer,True,True,2025-09-10 12:35:25.061448673
669,customer,True,True,2024-05-12 05:27:27.177073972
670,customer,True,True,2025-06-10 13:11:11.882583243
671,customer,True,True,2025-12-13 11:11:26.868929280
672,customer,True,True,2025-08-06 00:02:28.873738822
673,customer,True,True,2026-02-01 00:32:48.184628448
674,customer,True,True,2024-02-05 00:00:00.000000000
675,customer,True,True,2026-03-01 04:49:49.010361601
676,customer,True,True,2025-11-24 23:49:18.055124000
677,customer,True,True,2025-07-04 16:31:50.971501166
678,customer,True,True,2025-08-23 05:57:22.680544427
679,customer,True,True,2025-07-27 23:19:15.706360108
680,customer,True,False,2026-01-29 03:47:53.051788081
681,customer,True,True,2025-12-20 07:06:17.801529915
682,customer,True,True,2025-04-01 07:05:29.015449708
683,customer,True,False,2025-04-16 16:19:27.328320889
684,customer,True,True,2025-08-17 17:33:06.543839250
685,customer,True,False,2024-11-24 06:01:21.897865941
686,customer,True,True,2025-03-19 19:04:38.209064590
687,customer,True,True,2025-04-25 19:57:30.722371200
688,customer,True,True,2026-05-26 03:52:08.502206670
689,customer,True,True,2025-08-20 13:18:42.234227905
690,customer,True,False,2025-09-30 06:33:30.405470726
691,customer,True,True,2024-10-05 07:36:25.987048607
692,customer,True,False,2025-12-04 21:53:45.635160763
693,customer,True,True,2025-10-17 05:37:44.608693052
694,customer,True,False,2026-04-11 06:34:32.544632554
695,customer,True,False,2026-03-23 14:47:39.247893842
696,customer,True,True,2024-10-03 23:29:36.572557249
697,customer,True,False,2025-07-28 21:52:48.476056487
698,customer,True,True,2024-05-11 02:03:42.472426545
699,customer,True,True,2025-12-08 01:02:26.445679386
700,customer,True,True,2026-05-11 05:05:37.395231142
701,customer,True,True,2025-12-31 20:49:51.490139909
702,customer,True,True,2026-01-26 21:06:13.004781452
703,customer,True,True,2025-06-01 00:00:45.066259898
704,customer,True,True,2025-06-12 03:05:52.199901428
705,customer,True,True,2025-07-16 16:47:50.502847494
706,customer,True,True,2024-02-05 00:00:00.000000000
707,customer,True,True,2024-12-16 16:07:50.331120935
708,customer,True,True,2026-03-16 02:59:52.093637080
709,customer,True,False,2025-03-09 06:17:24.859500787
710,customer,True,False,2025-10-30 06:28:44.114603215
711,customer,True,False,2025-12-12 17:02:29.007181787
712,customer,True,True,2024-10-30 14:10:28.557587718
713,customer,True,True,2026-03-23 02:39:08.876636963
714,customer,True,False,2025-03-30 21:48:02.427139250
715,customer,True,True,2025-05-18 13:29:17.481443211
716,customer,True,True,2026-03-25 03:05:28.493697014
717,customer,True,True,2026-05-28 06:32:44.498450890
718,customer,True,True,2025-11-20 07:20:11.052504480
719,customer,True,True,2025-01-30 07:20:17.546558053
720,customer,True,True,2025-08-21 10:45:19.730677683
721,customer,True,True,2024-10-17 13:55:44.202570410
722,customer,True,True,2025-09-06 04:05:24.328795437
723,customer,True,True,2024-09-20 01:24:35.247665572
724,customer,True,True,2026-02-10 12:07:55.286633566
725,customer,True,True,2025-07-17 11:58:22.325075340
726,customer,True,True,2026-01-12 05:04:51.646542373
727,customer,False,True,2025-11-25 21:49:20.388844008
728,customer,True,True,2025-10-17 22:08:37.431396966
729,customer,True,True,2025-08-22 04:31:24.626431319
730,customer,True,True,2026-02-28 05:00:35.496529748
731,customer,True,False,2025-07-29 12:07:13.310834941
732,customer,True,True,2025-10-27 21:22:34.093113168
733,customer,True,True,2026-05-07 01:21:26.936165209
734,customer,True,False,2026-06-05 22:07:43.381822875
735,customer,True,True,2025-01-29 00:01:16.823054278
736,customer,True,True,2025-12-04 14:03:34.809293552
737,customer,True,True,2026-05-15 00:56:51.999819438
738,customer,True,True,2024-07-11 17:47:45.251229864
739,customer,True,True,2025-07-04 10:21:15.392949420
740,customer,True,True,2025-08-28 08:09:07.627173596
741,customer,True,True,2026-03-10 22:28:07.825666893
742,customer,True,True,2026-05-08 03:21:11.357548296
743,customer,True,True,2025-09-29 23:09:48.247610642
744,customer,True,True,2025-11-08 23:33:52.134992142
745,customer,True,False,2026-04-09 17:32:03.952824300
746,customer,True,True,2026-04-13 01:31:05.770343652
747,customer,True,True,2026-04-17 16:45:34.389095775
748,customer,True,True,2026-04-20 18:33:19.380277403
749,customer,True,True,2026-02-14 20:34:32.377678807
750,customer,True,True,2025-08-28 06:17:43.516051792
751,customer,True,True,2025-07-20 04:41:44.697238553
752,customer,True,True,2025-11-12 19:56:02.626349154
753,customer,True,False,2025-10-09 12:37:01.277618405
754,customer,True,False,2025-07-08 04:14:42.887240408
755,customer,True,True,2026-06-18 18:53:13.430018976
756,customer,True,True,2025-09-23 08:15:12.595662536
757,customer,True,True,2024-11-29 19:16:35.281007933
758,customer,True,True,2025-12-09 01:39:51.482892264
759,customer,True,False,2025-02-12 05:13:15.496365778
760,customer,False,True,2025-12-05 22:07:31.329476285
761,customer,True,True,2025-06-20 22:06:06.144483258
762,customer,True,True,2025-09-01 21:47:20.750919968
763,customer,True,True,2026-04-19 03:36:40.527350119
764,customer,True,True,2026-03-28 13:51:39.887269843
765,customer,True,True,2024-09-20 02:01:31.502474988
766,customer,True,True,2025-04-22 20:07:31.671943493
767,customer,True,True,2025-11-24 05:35:29.862264377
768,customer,True,True,2025-12-17 08:53:34.916620641
769,customer,True,True,2026-03-10 03:58:01.807797003
770,customer,True,True,2025-08-13 11:31:42.580736363
771,customer,True,False,2026-02-28 04:10:27.825057368
772,customer,True,True,2026-01-07 12:35:13.946256696
773,customer,True,True,2026-02-15 08:59:18.736758255
774,customer,True,True,2025-05-11 13:38:46.590210638
775,customer,True,True,2025-12-01 13:49:58.184234268
776,customer,True,True,2025-10-07 23:28:51.253107552
777,customer,True,True,2026-04-17 09:01:16.790106735
778,customer,True,True,2026-02-16 06:08:59.499695305
779,customer,True,True,2025-10-03 10:14:28.741612270
780,customer,True,True,2026-05-24 20:46:05.518121175
781,customer,True,True,2025-12-14 12:26:14.554169808
782,customer,True,False,2025-11-07 03:12:35.439154661
783,customer,True,False,2026-04-28 09:32:45.439176561
784,customer,True,True,2025-02-27 08:40:09.906649142
785,customer,True,True,2025-08-24 19:15:42.534435076
786,customer,True,True,2025-12-02 20:35:06.800566699
787,customer,True,False,2026-02-25 09:33:52.082406712
788,customer,True,True,2026-05-27 06:16:42.188051733
789,customer,True,True,2025-03-24 16:19:13.432998312
790,customer,True,True,2026-01-21 11:21:53.905492780
791,customer,True,True,2026-05-11 05:23:26.191228180
792,customer,True,True,2026-02-28 20:26:12.116073106
793,customer,True,True,2025-07-31 04:45:16.367382326
794,customer,True,True,2025-09-17 07:40:18.773468683
795,customer,True,False,2026-04-09 07:14:08.518304487
796,customer,True,True,2025-01-26 14:55:31.763122879
797,customer,True,False,2026-05-12 04:35:16.311704580
798,customer,True,True,2024-11-14 07:21:41.855266616
799,customer,True,False,2025-09-26 12:14:16.141167128
800,customer,True,True,2026-01-10 10:03:34.093585688
801,customer,True,True,2025-12-20 00:41:07.877262812
802,customer,True,True,2025-10-20 08:13:07.670424677
803,customer,True,False,2025-07-12 02:19:24.054975443
804,customer,True,True,2026-06-06 11:58:43.053458999
805,customer,True,True,2026-03-04 18:31:56.924253682
806,customer,True,True,2025-10-26 15:50:05.209820310
807,customer,True,True,2025-01-13 04:05:42.767179461
808,customer,True,True,2025-01-26 19:41:33.550457499
809,customer,True,True,2024-08-24 03:17:29.592016066
810,customer,True,True,2025-02-12 12:48:22.429189092
811,customer,True,True,2026-03-13 12:59:09.960925526
812,customer,True,True,2025-11-07 21:53:24.141022285
813,customer,True,True,2025-02-10 11:53:21.341518098
814,customer,True,True,2025-03-15 15:18:54.077265386
815,customer,True,True,2025-12-11 17:44:54.350834304
816,customer,True,True,2025-07-19 03:40:03.909439584
817,customer,True,True,2026-01-22 06:40:51.324228074
818,customer,True,True,2026-05-17 18:44:48.645232296
819,customer,True,True,2025-11-26 19:18:33.471645443
820,customer,True,True,2025-12-07 08:54:43.479468997
821,customer,True,True,2026-01-29 02:01:34.387063188
822,customer,True,True,2025-07-11 01:52:45.644190788
823,customer,True,True,2025-12-17 08:01:38.139664193
824,customer,True,False,2025-08-15 02:17:44.278683101
825,customer,True,True,2025-05-16 21:03:11.148031173
826,customer,True,True,2024-02-05 00:00:00.000000000
827,customer,True,True,2025-11-23 19:34:42.196316232
828,customer,True,True,2025-01-08 02:59:54.612275661
829,customer,True,True,2025-09-20 10:38:36.448232943
830,customer,True,False,2025-09-07 22:33:47.340804756
831,customer,True,True,2025-11-21 09:10:00.009783501
832,customer,True,True,2025-10-08 23:01:25.068923490
833,customer,True,True,2025-12-15 19:08:40.807183163
834,customer,True,False,2025-03-11 07:34:02.236738642
835,customer,True,True,2026-02-28 09:22:33.604731380
836,customer,True,True,2026-05-18 10:35:40.090383966
837,customer,True,False,2026-02-02 15:06:49.742558010
838,customer,True,False,2026-02-16 21:30:25.999499256
839,customer,True,True,2026-02-02 16:51:46.379327222
840,customer,True,True,2025-11-30 18:57:38.391004924
841,customer,True,True,2026-02-02 04:42:36.405401959
842,customer,True,False,2025-12-03 06:02:30.180081653
843,customer,True,True,2026-02-01 18:31:08.051288529
844,customer,False,True,2025-08-10 02:06:45.672701317
845,customer,True,True,2024-02-05 00:00:00.000000000
846,customer,True,True,2025-09-24 17:58:59.019855603
847,customer,True,True,2026-01-27 03:18:26.357639406
848,customer,False,True,2026-07-02 19:59:38.570325588
849,customer,True,True,2024-04-24 13:14:49.760220544
850,customer,True,True,2025-09-12 18:07:11.102917872
851,customer,True,False,2025-12-04 18:56:43.752964105
852,customer,True,True,2026-07-01 00:08:02.989286195
853,customer,True,True,2025-11-25 17:18:10.140054982
854,customer,True,False,2025-10-10 16:42:21.986102633
855,customer,True,True,2026-02-01 06:30:30.687060589
856,customer,True,False,2026-05-05 04:10:08.503357579
857,customer,True,True,2026-05-10 05:00:47.049626544
858,customer,True,True,2024-04-16 07:21:16.248075112
859,customer,True,True,2025-10-16 13:10:52.977019256
860,customer,True,True,2026-02-01 09:27:18.993097115
861,customer,True,True,2025-10-28 10:09:46.121951253
862,customer,True,True,2025-11-10 12:28:43.443305844
863,customer,True,True,2026-05-13 19:52:32.320578479
864,customer,True,True,2025-04-01 18:41:03.229327888
865,customer,True,True,2025-12-09 06:33:26.241245666
866,customer,True,True,2025-10-13 18:49:06.233067800
867,customer,True,True,2024-10-03 23:29:35.630332392
868,customer,True,True,2026-05-02 20:17:35.315596729
869,customer,False,True,2026-03-06 14:23:18.300702552
870,customer,True,True,2025-08-31 22:15:23.334518878
871,customer,True,True,2025-04-07 23:32:23.227746741
872,customer,True,True,2026-02-14 01:53:17.675338128
873,customer,True,True,2026-02-06 14:47:00.478386024
874,customer,True,True,2025-06-17 23:57:01.632345198
875,customer,True,True,2024-02-05 00:00:00.000000000
876,customer,True,True,2025-10-21 23:08:45.029638447
877,customer,True,True,2026-03-06 23:17:59.934258799
878,customer,True,True,2026-04-08 04:56:12.384843335
879,customer,True,True,2025-12-01 07:18:51.176497968
880,customer,False,True,2025-04-22 05:25:38.127161554
881,customer,True,True,2024-02-05 00:00:00.000000000
882,customer,True,True,2025-12-29 18:03:21.409788393
883,customer,True,True,2025-10-21 15:33:01.515430965
884,customer,True,True,2024-07-11 15:35:40.745975162
885,customer,True,True,2025-09-04 15:50:44.191991386
886,customer,True,True,2025-09-23 06:20:51.692491683
887,customer,True,False,2024-10-09 06:55:17.532771249
888,customer,True,True,2025-10-16 23:35:36.550560132
889,customer,True,True,2026-03-31 05:58:12.262087765
890,customer,True,True,2025-01-01 05:57:37.384763953
891,customer,True,True,2026-05-25 05:13:25.350335475
892,customer,True,True,2025-03-03 07:43:40.781742626
893,customer,True,False,2025-11-06 04:13:00.488764788
894,customer,True,True,2025-12-28 01:51:49.592431982
895,customer,True,True,2026-01-01 03:29:56.273483930
896,customer,True,True,2025-12-01 23:29:07.533290519
897,customer,True,False,2026-01-19 13:48:54.104096397
898,customer,True,True,2025-08-02 13:42:19.393473995
899,customer,True,True,2026-01-14 10:51:36.180422882
900,customer,True,False,2025-11-04 18:35:04.623555967
901,customer,True,True,2026-06-17 14:03:03.606233965
902,customer,True,True,2025-11-06 00:36:51.055099149
903,customer,True,True,2026-01-22 11:15:24.270914486
904,customer,True,True,2025-03-27 14:30:50.224932683
905,customer,True,True,2025-12-21 10:47:20.241879096
906,customer,True,True,2025-05-12 04:31:39.551835260
907,customer,True,True,2025-06-13 23:22:01.557670608
908,customer,True,False,2025-06-06 10:30:54.228750256
909,customer,True,True,2025-12-15 15:11:32.560875920
910,customer,True,True,2025-10-24 12:44:33.778726449
911,customer,True,True,2025-08-09 01:37:15.257947613
912,customer,True,True,2025-10-18 11:27:59.695123727
913,customer,True,True,2025-12-21 02:14:27.627682543
914,customer,True,True,2026-03-21 20:42:20.500596047
915,customer,True,True,2025-11-02 13:26:03.280829200
916,customer,True,True,2026-05-18 04:30:24.660708121
917,customer,True,True,2026-06-20 18:32:24.405200051
918,customer,True,True,2026-04-14 12:26:18.360133691
919,customer,True,True,2025-06-09 15:35:33.052397972
920,customer,True,True,2025-09-18 21:13:54.129886237
921,customer,True,True,2025-06-06 20:58:05.427394511
922,customer,True,True,2026-02-23 22:21:48.923236380
923,customer,True,False,2025-02-22 20:51:37.261466062
924,customer,True,True,2026-05-10 03:34:08.723629126
925,customer,True,True,2026-04-11 01:43:11.688794729
926,customer,True,True,2025-02-28 18:16:34.422213358
927,customer,True,True,2025-10-04 10:09:31.279909176
928,customer,True,True,2025-06-05 05:02:56.993489454
929,customer,True,False,2025-09-17 23:14:30.893858184
930,customer,True,True,2026-02-06 01:41:51.070797347
931,customer,True,True,2026-04-22 00:23:28.382012158
932,customer,True,True,2026-06-09 14:02:26.275329537
933,customer,True,True,2024-06-01 11:58:10.612390988
934,customer,True,True,2026-05-27 14:56:08.628810896
935,customer,True,True,2024-10-23 08:35:43.577731470
936,customer,True,True,2025-10-15 18:40:13.129753633
937,customer,True,True,2025-09-11 06:05:50.476630938
938,customer,True,True,2025-09-25 14:11:14.579757405
939,customer,True,True,2025-07-09 11:18:24.287424037
940,customer,True,True,2026-03-07 16:04:18.386851579
941,customer,True,False,2026-06-26 04:07:15.804022227
942,customer,True,True,2026-02-08 20:57:42.027397097
943,customer,True,True,2025-07-31 02:02:07.497445733
944,customer,True,True,2026-04-10 03:37:23.323617642
945,customer,True,False,2025-02-14 12:37:33.428504897
946,customer,True,True,2025-11-28 18:10:00.096520867
947,customer,True,False,2026-04-18 18:23:15.050324118
948,customer,True,True,2025-10-06 11:05:51.136270769
949,customer,True,False,2025-08-04 05:04:12.842659373
950,customer,True,True,2025-07-17 12:25:22.422499090
951,customer,True,True,2025-02-28 09:18:56.972054091
952,customer,True,True,2026-05-15 18:08:30.693424647
953,customer,True,True,2025-02-27 22:08:10.753624315
954,customer,True,False,2025-01-27 18:33:59.694393220
955,customer,True,True,2026-04-21 19:50:48.615950841
956,customer,True,True,2026-04-03 22:39:42.878947813
957,customer,True,True,2025-05-22 01:04:46.370704855
958,customer,True,True,2026-01-13 12:17:54.701301115
959,customer,True,True,2024-12-05 22:53:29.758150050
960,customer,True,True,2024-08-19 01:08:52.775534809
961,customer,True,False,2026-04-18 20:47:53.086700141
962,customer,True,False,2026-03-09 23:09:12.426612302
963,customer,True,True,2025-10-17 02:32:08.673817267
964,customer,True,True,2026-06-27 04:54:49.634157978
965,customer,True,False,2026-06-08 01:39:43.799435252
966,customer,True,False,2026-03-22 20:08:59.339436833
967,customer,True,True,2024-03-14 16:16:11.616831936
968,customer,True,True,2025-09-15 20:48:50.998528017
969,customer,True,True,2026-02-18 20:35:30.211857569
970,customer,True,True,2026-04-04 17:34:15.253302487
971,customer,True,True,2026-04-22 19:32:23.329915550
972,customer,True,True,2026-02-09 12:00:39.344441377
973,customer,True,True,2026-02-17 00:43:57.528537344
974,customer,True,True,2025-12-17 06:44:15.777996035
975,customer,True,True,2025-07-23 11:09:37.293153552
976,customer,True,True,2025-11-21 06:03:46.228677754
977,customer,True,False,2025-05-04 18:42:15.920586672
978,customer,True,True,2025-12-29 01:12:42.634667054
979,customer,True,True,2024-07-15 06:58:14.897810488
980,customer,True,False,2025-05-12 00:30:28.616475232
981,customer,True,True,2025-09-21 20:46:18.049765216
982,customer,True,True,2025-07-22 14:37:13.088393858
983,customer,True,False,2026-02-05 21:03:24.014317646
984,customer,True,True,2025-12-19 23:25:36.775596401
985,customer,True,False,2025-12-26 06:49:12.767519206
986,customer,True,False,2026-03-05 15:53:22.773369607
987,customer,True,True,2026-05-07 01:19:36.801862272
988,customer,True,True,2025-07-08 20:47:13.064000672
989,customer,True,True,2025-03-18 04:01:14.159385411
990,customer,True,True,2025-08-14 06:49:15.524754523
991,customer,True,True,2025-11-21 18:54:41.269002933
992,customer,True,True,2024-02-05 00:00:00.000000000
993,customer,True,False,2026-02-20 11:05:33.624916970
994,customer,True,True,2025-09-14 11:19:52.158195668
995,customer,True,True,2025-01-29 17:39:11.418479854
996,customer,True,True,2026-04-13 18:29:34.792081590
997,customer,True,True,2025-06-18 18:59:48.040890297
998,customer,True,True,2024-06-14 00:57:49.573376989
999,customer,True,True,2025-11-06 14:41:25.061850986
1000,customer,True,True,2025-10-03 23:55:59.228536092
1001,customer,True,True,2026-02-19 17:06:08.492842959
1002,customer,True,True,2025-07-25 11:49:15.604037164
1003,customer,True,True,2026-03-08 12:28:33.453067475
1004,customer,True,True,2025-11-17 18:59:42.551996776
1005,customer,True,False,2026-05-16 04:46:27.302902891
1006,customer,True,True,2026-07-11 06:29:54.157767421
1007,customer,True,True,2026-01-24 20:39:58.505815351
1008,customer,True,True,2026-01-27 03:32:41.390905209
1009,customer,True,True,2026-01-12 11:20:10.211869790
1010,customer,True,True,2025-05-20 20:56:08.451555162
1011,customer,True,True,2025-03-08 22:44:21.210583353
1012,customer,True,True,2025-09-05 04:06:15.434921492
1013,customer,True,True,2025-06-09 23:53:28.703504850
1014,customer,True,True,2026-03-05 04:25:08.700017374
1015,customer,True,False,2026-04-01 10:49:36.231993936
1016,customer,True,True,2025-07-20 09:17:43.294981088
1017,customer,True,True,2026-04-14 23:42:39.736380886
1018,customer,True,False,2026-04-24 21:35:48.794760664
1019,customer,True,True,2024-02-05 00:00:00.000000000
1020,customer,True,True,2025-10-25 05:50:11.702452169
1021,customer,True,True,2026-01-27 01:23:00.257761761
1022,customer,True,False,2026-02-11 19:56:37.411116732
1023,customer,True,True,2026-05-14 05:33:03.729177438
1024,customer,True,True,2025-09-09 22:08:57.119994693
1025,customer,True,False,2025-12-29 10:20:32.101120450
1026,customer,True,True,2025-03-18 08:21:47.457224597
1027,customer,True,True,2025-07-12 10:43:56.511912568
1028,customer,True,True,2026-01-03 19:13:48.878122020
1029,customer,True,True,2026-06-17 18:52:22.200376985
1030,customer,True,True,2025-10-24 17:03:10.949362586
1031,customer,True,False,2025-11-11 04:56:02.685863919
1032,customer,True,True,2026-06-26 04:06:19.975926575
1033,customer,True,True,2025-08-10 18:28:48.873606730
1034,customer,True,True,2026-04-18 01:16:37.860089595
1035,customer,True,True,2025-03-01 06:24:11.240643891
1036,customer,True,False,2025-11-22 11:19:55.420557880
1037,customer,True,True,2026-02-15 12:11:27.591513720
1038,customer,True,True,2025-09-26 13:02:21.096405163
1039,customer,True,False,2025-10-09 14:55:44.833060356
1040,customer,True,False,2025-10-17 03:39:42.256330851
1041,customer,True,True,2025-04-14 04:53:23.413423402
1042,customer,True,True,2025-09-13 10:27:18.747237079
1043,customer,True,True,2026-02-26 19:19:48.254788143
1044,customer,True,True,2025-12-24 14:16:51.922292981
1045,customer,True,True,2024-10-30 16:41:26.459145868
1046,customer,True,False,2026-03-09 12:50:53.061838887
1047,customer,True,True,2025-08-14 15:23:33.839589195
1048,customer,True,True,2025-04-02 17:55:24.828434645
1049,customer,True,True,2025-07-22 10:30:20.403100170
1050,customer,True,True,2025-10-23 11:44:59.225430253
1051,customer,True,True,2025-09-22 07:50:14.843260335
1052,customer,True,True,2025-07-06 10:46:36.568379214
1053,customer,True,True,2026-03-10 21:24:12.307673091
1054,customer,True,True,2025-11-09 23:44:31.926551787
1055,customer,True,True,2024-02-05 00:00:00.000000000
1056,customer,True,True,2025-08-07 06:50:20.934954860
1057,customer,True,True,2025-10-16 11:15:59.234013669
1058,customer,True,True,2026-01-09 12:17:51.536167259
1059,customer,True,True,2026-03-09 14:47:23.080124101
1060,customer,True,True,2025-09-15 02:25:34.393391101
1061,customer,True,True,2025-08-30 18:09:10.599553893
1062,customer,True,True,2025-11-22 09:55:42.119114353
1063,customer,True,True,2024-02-05 00:00:00.000000000
1064,customer,True,False,2026-02-27 13:01:40.091778273
1065,customer,True,True,2026-03-26 16:31:02.495355678
1066,customer,True,True,2026-01-07 08:25:33.538478420
1067,customer,True,True,2025-11-16 15:03:03.794579160
1068,customer,True,True,2026-03-15 11:22:34.236138196
1069,customer,True,True,2025-09-20 08:57:32.252301424
1070,customer,True,False,2025-08-27 18:16:10.517700312
1071,customer,True,True,2025-06-05 11:31:40.747613492
1072,customer,True,True,2026-01-31 06:28:16.692909949
1073,customer,True,True,2024-12-03 10:02:12.281268699
1074,customer,True,True,2025-06-24 00:35:18.257003852
1075,customer,True,False,2026-03-01 23:39:34.790868804
1076,customer,True,True,2026-03-15 23:08:20.615882730
1077,customer,True,True,2025-12-27 21:28:52.604866598
1078,customer,True,False,2025-08-27 04:47:37.333649913
1079,customer,True,False,2025-07-24 10:28:48.774488800
1080,customer,True,True,2025-06-24 12:35:36.661122914
1081,customer,True,True,2024-02-05 00:00:00.000000000
1082,customer,True,True,2026-06-04 05:23:18.031568090
1083,customer,True,False,2025-11-27 06:42:39.260442281
1084,customer,True,True,2024-03-10 10:48:42.833247293
1085,customer,True,True,2025-05-23 17:23:42.030653116
1086,customer,True,True,2026-04-01 23:28:25.043218652
1087,customer,True,True,2025-10-01 03:47:33.503596749
1088,customer,True,True,2025-12-07 15:50:44.040645768
1089,customer,True,True,2025-12-13 16:44:03.525076056
1090,customer,True,True,2026-02-02 21:05:02.287308342
1091,customer,True,True,2025-10-17 21:52:05.308397795
1092,customer,True,True,2025-02-11 14:43:54.992628351
1093,customer,True,True,2026-01-21 13:38:36.890157296
1094,customer,True,True,2025-06-22 13:10:00.957944059
1095,customer,True,True,2025-05-06 10:55:45.489625833
1096,customer,True,True,2024-12-06 13:22:29.871381170
1097,customer,True,True,2026-03-17 19:52:55.521983928
1098,customer,True,True,2025-11-02 12:05:08.317102964
1099,customer,True,True,2026-02-18 05:19:47.726425344
1100,customer,True,True,2025-10-17 12:50:59.506301046
1101,customer,True,True,2025-10-18 20:53:42.802284161
1102,customer,True,True,2026-04-12 14:53:25.867489477
1103,customer,True,True,2025-10-05 17:21:02.963018114
1104,customer,True,True,2024-02-05 00:00:00.000000000
1105,customer,True,True,2025-07-23 11:13:47.423803734
1106,customer,True,True,2026-04-30 14:58:50.469256128
1107,customer,True,True,2026-03-24 11:56:19.706769001
1108,customer,True,False,2025-11-12 01:46:55.583003848
1109,customer,True,True,2026-03-22 01:46:24.282514998
1110,customer,True,True,2024-12-26 22:25:13.492658154
1111,customer,True,True,2026-05-09 20:59:57.893597592
1112,customer,True,True,2025-07-21 17:44:19.468774640
1113,customer,True,True,2026-05-24 12:15:03.011603936
1114,customer,True,True,2025-11-14 23:47:28.576623302
1115,customer,True,True,2026-04-06 00:34:34.271887864
1116,customer,True,False,2025-06-06 02:06:31.114125199
1117,customer,True,True,2025-02-25 20:40:30.175192664
1118,customer,True,True,2025-08-27 21:08:58.791240042
1119,customer,False,True,2025-02-10 11:21:58.776509610
1120,customer,True,False,2026-07-04 15:19:06.149289706
1121,customer,True,True,2025-10-08 07:55:03.579565374
1122,customer,True,True,2025-07-25 06:03:18.122475719
1123,customer,True,True,2025-06-23 03:39:51.671833483
1124,customer,True,True,2025-08-08 15:51:56.301440562
1125,customer,True,True,2025-06-17 08:48:22.556058201
1126,customer,True,True,2025-10-10 15:23:15.021038752
1127,customer,True,True,2026-04-29 19:52:02.012706794
1128,customer,True,True,2026-02-03 21:16:36.030965209
1129,customer,True,True,2024-12-25 00:49:16.288664728
1130,customer,True,True,2025-02-04 05:20:53.970135096
1131,customer,True,True,2025-07-29 18:37:49.809175202
1132,customer,True,False,2025-05-31 06:18:39.674719417
1133,customer,True,False,2025-03-16 11:04:50.664146993
1134,customer,True,True,2025-08-01 13:58:35.506069145
1135,customer,True,True,2025-01-04 12:18:52.696092353
1136,customer,True,True,2025-01-16 12:13:15.692017665
1137,customer,True,False,2024-02-05 00:00:00.000000000
1138,customer,True,True,2026-01-29 04:50:20.035186032
1139,customer,True,True,2026-01-26 16:00:18.281519825
1140,customer,True,True,2025-08-19 11:01:34.415560319
1141,customer,True,True,2024-04-11 03:53:18.651656735
1142,customer,True,False,2024-12-06 18:35:38.811480113
1143,customer,True,True,2025-04-26 13:57:22.864329372
1144,customer,True,True,2024-11-10 16:25:28.236160408
1145,customer,True,True,2025-07-20 19:41:48.639108210
1146,customer,True,False,2025-12-26 00:30:49.545696295
1147,customer,True,True,2024-02-05 00:00:00.000000000
1148,customer,True,True,2025-08-07 22:36:10.300743824
1149,customer,True,True,2025-01-24 06:16:50.902202563
1150,customer,True,True,2026-07-04 20:14:21.016706062
1151,customer,True,True,2026-06-28 19:26:47.794176704
1152,customer,True,True,2025-10-01 21:23:46.249812552
1153,customer,True,False,2026-03-22 00:40:10.451858762
1154,customer,True,False,2025-09-12 13:12:18.773246448
1155,customer,True,True,2026-01-26 20:41:43.734951523
1156,customer,True,True,2024-02-05 00:00:00.000000000
1157,customer,True,True,2025-02-21 03:13:29.743522050
1158,customer,True,True,2024-10-03 05:54:43.357123400
1159,customer,True,True,2026-06-21 14:08:53.194296786
1160,customer,True,False,2025-04-30 14:54:58.421615807
1161,customer,True,True,2025-12-06 23:17:37.139879611
1162,customer,True,True,2024-09-25 05:15:10.096200556
1163,customer,True,False,2025-06-12 04:22:38.925079344
1164,customer,True,False,2025-11-11 17:26:54.178936104
1165,customer,True,True,2026-04-21 03:09:42.488138711
1166,customer,True,True,2025-10-05 21:29:50.258572461
1167,customer,True,True,2025-01-02 09:50:34.453629140
1168,customer,True,True,2024-08-31 15:32:40.747466144
1169,customer,True,True,2026-01-05 10:07:11.387513928
1170,customer,True,True,2024-02-05 00:00:00.000000000
1171,customer,True,True,2025-01-30 18:04:53.168437785
1172,customer,True,True,2026-03-19 19:33:01.273025590
1173,customer,True,True,2026-04-12 17:21:16.906585735
1174,customer,True,True,2025-11-26 00:17:11.112812587
1175,customer,True,True,2026-01-05 19:26:33.581775717
1176,customer,True,True,2025-07-18 19:35:14.323269172
1177,customer,True,True,2025-10-27 10:15:14.480791068
1178,customer,True,False,2025-12-23 14:26:20.105427365
1179,customer,True,True,2026-05-20 21:14:46.285104247
1180,customer,True,True,2025-06-03 18:37:21.243766412
1181,customer,True,True,2026-05-26 09:52:01.754398759
1182,customer,True,False,2025-01-29 14:33:03.563989416
1183,customer,False,True,2026-06-16 21:55:38.576527427
1184,customer,True,True,2026-05-29 22:38:35.985604972
1185,customer,True,False,2026-03-20 07:34:56.996092016
1186,customer,True,True,2026-01-19 09:47:20.067650218
1187,customer,True,True,2026-02-17 12:52:14.564892942
1188,customer,True,True,2026-01-20 00:58:13.518021548
1189,customer,True,False,2025-09-08 02:40:00.684050339
1190,customer,True,True,2026-03-17 18:31:19.878001701
1191,customer,True,True,2025-09-06 00:26:35.489836968
1192,customer,True,False,2026-07-04 11:10:49.088036148
1193,customer,True,True,2026-03-21 21:39:39.485217163
1194,customer,True,True,2026-06-01 19:08:14.176499211
1195,customer,True,True,2025-02-02 16:06:00.243429077
1196,customer,True,True,2026-03-02 20:00:16.220816082
1197,customer,True,True,2025-06-21 04:27:30.388872819
1198,customer,True,True,2026-06-11 11:34:24.862302783
1199,customer,True,False,2024-09-07 23:29:09.891748104
1200,customer,True,True,2025-10-15 21:07:53.924329264
1201,customer,True,True,2025-11-07 20:58:27.040401720
1202,customer,True,True,2026-05-20 01:58:41.357499779
1203,customer,True,True,2026-04-04 01:29:32.383925034
1204,customer,True,True,2025-12-18 09:08:54.134286323
1205,customer,True,True,2026-03-31 05:08:13.599999448
1206,customer,True,True,2025-03-09 05:56:32.783341687
1207,customer,True,True,2025-10-22 00:35:56.408839487
1208,customer,False,True,2026-03-29 22:33:52.970830042
1209,customer,True,True,2025-04-28 12:42:49.233874407
1210,customer,True,True,2026-01-09 04:58:24.926361117
1211,customer,True,True,2025-05-12 06:16:41.146696094
1212,customer,True,True,2026-02-02 05:40:02.428866561
1213,customer,True,True,2025-07-09 21:28:20.517031414
1214,customer,True,True,2026-01-14 14:09:02.473430789
1215,customer,True,True,2025-03-09 03:06:36.703215620
1216,customer,True,True,2026-06-10 09:37:24.398783415
1217,customer,True,False,2026-04-28 02:59:46.703567611
1218,customer,False,True,2025-12-03 03:19:30.028650926
1219,customer,True,True,2026-02-25 08:34:28.681924933
1220,customer,True,True,2026-01-19 04:39:47.877887281
1221,customer,True,True,2025-06-09 12:03:59.658161280
1222,customer,True,True,2026-01-22 07:16:38.849572903
1223,customer,True,False,2025-08-28 19:55:16.923619612
1224,customer,True,True,2026-03-22 16:01:06.292717519
1225,customer,True,False,2026-06-20 11:25:41.096141706
1226,customer,True,True,2025-05-14 02:21:06.869696688
1227,customer,True,True,2024-05-29 11:16:41.187322261
1228,customer,True,False,2025-09-21 19:55:12.976636924
1229,customer,True,False,2025-11-23 09:15:17.998744384
1230,customer,True,True,2025-10-14 15:21:36.133483231
1231,customer,False,False,2024-11-07 15:10:55.331553320
1232,customer,True,True,2025-09-19 04:49:16.825248345
1233,customer,True,True,2025-04-29 15:18:29.225456200
1234,customer,True,True,2025-05-13 01:45:27.304097297
1235,customer,True,True,2025-02-08 14:43:29.569816546
1236,customer,True,True,2025-11-27 07:54:54.588140269
1237,customer,True,True,2026-02-04 02:34:03.244401515
1238,customer,True,True,2025-07-06 23:00:57.145493621
1239,customer,True,True,2025-03-05 08:35:53.840445458
1240,customer,True,True,2024-12-30 16:36:03.537303181
1241,customer,True,False,2024-09-18 04:02:42.118177016
1242,customer,True,True,2025-04-04 10:52:49.397212241
1243,customer,True,True,2026-02-11 15:44:20.014628260
1244,customer,True,True,2025-09-22 02:12:32.932448833
1245,customer,True,True,2025-10-11 06:38:00.004934746
1246,customer,True,True,2025-11-02 13:26:46.827773472
1247,customer,True,True,2025-07-06 10:13:05.391056664
1248,customer,True,True,2025-12-13 17:07:37.306177410
1249,customer,True,True,2025-12-13 11:09:32.601620351
1250,customer,True,True,2024-04-28 14:07:19.042564464
1251,customer,True,True,2025-11-17 19:56:40.735358080
1252,customer,True,True,2025-02-11 03:45:49.136261049
1253,customer,True,True,2025-01-21 18:09:53.532227601
1254,customer,True,True,2025-09-16 00:22:01.239766822
1255,customer,True,True,2025-12-06 17:24:52.641677857
1256,customer,True,False,2026-03-18 05:58:53.313034291
1257,customer,True,True,2026-05-27 07:58:29.596352976
1258,customer,True,True,2025-06-17 09:01:43.718945388
1259,customer,True,True,2025-08-10 15:54:10.652631884
1260,customer,True,True,2025-05-07 05:55:50.281099793
1261,customer,True,True,2026-01-26 04:56:04.392569680
1262,customer,True,True,2024-03-06 07:34:29.361086265
1263,customer,True,True,2025-07-19 22:31:19.218668685
1264,customer,True,False,2025-11-24 19:51:17.753116755
1265,customer,True,True,2026-06-23 00:11:35.870182847
1266,customer,True,True,2026-01-09 19:51:16.889192295
1267,customer,True,False,2025-04-22 22:29:17.064068779
1268,customer,True,True,2024-09-29 11:04:51.258659207
1269,customer,True,False,2025-10-26 18:10:44.874817358
1270,customer,True,True,2024-07-20 17:00:02.884254720
1271,customer,True,True,2026-03-26 13:24:25.292847488
1272,customer,True,True,2025-08-03 06:15:12.830373556
1273,customer,True,True,2025-07-27 05:11:00.917739865
1274,customer,True,True,2025-06-15 03:45:24.631045774
1275,customer,True,False,2025-09-29 02:16:30.970687052
1276,customer,True,True,2025-08-16 17:51:44.286687525
1277,customer,True,False,2026-03-29 01:33:09.750250020
1278,customer,True,True,2024-11-09 11:20:37.800655230
1279,customer,False,True,2025-03-17 08:11:27.893391533
1280,customer,True,False,2025-08-26 03:09:46.979736722
1281,customer,True,False,2025-03-09 14:22:16.420584435
1282,customer,True,True,2024-10-27 11:51:43.878907976
1283,customer,True,True,2025-06-19 04:05:21.895297282
1284,customer,True,True,2024-02-05 00:00:00.000000000
1285,customer,True,True,2025-05-27 04:30:21.787121042
1286,customer,True,True,2026-03-12 13:23:00.523890523
1287,customer,True,True,2025-09-06 20:39:13.793799868
1288,customer,True,True,2025-02-24 12:13:37.109870429
1289,customer,True,True,2024-10-27 02:16:55.576318602
1290,customer,True,True,2025-09-24 12:33:06.463843506
1291,customer,True,True,2026-03-21 11:45:20.596238511
1292,customer,True,True,2025-12-10 11:29:54.093830813
1293,customer,True,True,2026-05-04 12:29:59.374502636
1294,customer,True,False,2025-04-27 07:45:11.052770798
1295,customer,True,False,2026-01-11 17:45:35.681963925
1296,customer,True,True,2026-02-22 05:07:19.139639443
1297,customer,True,True,2025-03-28 06:08:49.624598199
1298,customer,True,False,2024-07-30 04:23:50.033608262
1299,customer,True,False,2026-02-22 18:14:54.355028355
1300,customer,True,False,2025-09-23 02:19:16.882744907
1301,customer,True,True,2025-12-03 05:32:42.845658078
1302,customer,True,True,2024-10-07 22:23:04.806163704
1303,customer,True,True,2025-11-12 16:47:18.041145824
1304,customer,True,True,2026-03-31 13:27:10.847280641
1305,customer,True,True,2025-11-03 15:31:58.618612702
1306,customer,True,True,2025-01-03 00:00:02.008649993
1307,customer,True,True,2025-12-13 11:48:12.856781950
1308,customer,True,True,2026-02-09 09:05:59.164578143
1309,customer,True,True,2025-11-21 02:57:12.678076155
1310,customer,True,True,2026-03-28 06:52:39.114839615
1311,customer,True,True,2025-12-03 11:01:06.794749180
1312,customer,True,True,2026-01-30 02:46:40.262104324
1313,customer,True,False,2024-02-05 00:00:00.000000000
1314,customer,True,True,2026-06-13 12:51:34.621850592
1315,customer,True,True,2026-03-13 01:24:48.038520984
1316,customer,True,True,2026-02-09 11:33:39.685677210
1317,customer,True,True,2026-03-27 13:50:52.314010265
1318,customer,True,True,2025-07-31 20:09:31.646576117
1319,customer,True,True,2026-02-25 00:09:02.915514208
1320,customer,True,False,2026-05-12 18:21:38.143331557
1321,customer,True,True,2025-10-12 06:41:23.044081503
1322,customer,True,False,2025-12-23 05:07:40.372217308
1323,customer,True,True,2026-02-19 02:21:42.004815230
1324,customer,True,True,2024-10-18 12:46:12.119924917
1325,customer,True,True,2025-07-23 10:33:40.107018808
1326,customer,True,True,2025-08-20 08:07:25.501342965
1327,customer,True,False,2025-07-17 19:09:36.710115299
1328,customer,True,True,2025-07-30 20:30:13.231443004
1329,customer,True,True,2025-12-14 19:15:38.086625708
1330,customer,True,True,2026-02-23 16:35:39.056713227
1331,customer,True,False,2025-10-07 17:22:05.979437928
1332,customer,True,True,2025-12-17 21:34:03.143139906
1333,customer,True,True,2026-06-14 04:35:24.111433606
1334,customer,True,True,2026-04-05 12:54:03.901877767
1335,customer,True,True,2026-01-07 13:31:42.848088546
1336,customer,True,True,2025-03-21 07:41:28.817905759
1337,customer,True,True,2025-10-06 19:25:48.168380335
1338,customer,True,False,2026-03-17 07:12:22.787233719
1339,customer,True,True,2026-04-13 21:12:26.684585583
1340,customer,True,True,2025-01-09 19:05:04.735688537
1341,customer,True,True,2025-12-06 22:39:03.087583644
1342,customer,True,True,2026-07-16 19:29:05.683321562
1343,customer,True,True,2025-11-25 18:06:30.058764106
1344,customer,True,False,2025-05-28 21:21:08.735049821
1345,customer,True,True,2026-04-16 17:12:37.645153535
1346,customer,True,True,2025-10-22 12:44:16.898479222
1347,customer,True,False,2025-10-03 10:56:12.339412599
1348,customer,True,True,2026-04-11 05:15:11.624546572
1349,customer,False,True,2024-12-07 03:19:08.431325334
1350,customer,True,True,2025-09-29 18:38:02.716555944
1351,customer,True,True,2026-01-08 08:31:07.124310875
1352,customer,True,True,2025-12-05 18:35:31.520635017
1353,customer,False,True,2026-04-28 14:01:46.861199277
1354,customer,True,True,2026-05-01 23:16:25.101280543
1355,customer,True,True,2026-01-22 12:01:30.381407758
1356,customer,True,False,2026-01-13 09:16:43.492053617
1357,customer,True,True,2025-12-17 02:44:36.837340213
1358,customer,True,False,2024-11-02 17:23:42.877558790
1359,customer,True,True,2025-06-13 04:48:53.764382207
1360,customer,True,False,2026-06-06 11:03:59.682954249
1361,customer,True,False,2025-01-18 00:55:06.007461963
1362,customer,True,False,2026-01-23 15:09:42.085755456
1363,customer,True,True,2025-05-17 10:06:16.441315448
1364,customer,True,True,2026-01-11 23:03:23.864471592
1365,customer,True,True,2025-10-13 06:34:56.997216311
1366,customer,True,True,2026-04-22 07:48:42.181050992
1367,customer,True,True,2025-08-27 23:35:01.610182974
1368,customer,True,False,2025-04-13 21:06:31.848409668
1369,customer,True,True,2026-05-26 23:38:02.016766277
1370,customer,True,False,2025-04-09 00:54:22.258060857
1371,customer,True,True,2026-02-24 05:03:00.686425781
1372,customer,True,False,2024-06-23 15:28:41.210744057
1373,customer,True,False,2025-05-12 00:15:17.172281106
1374,customer,True,True,2025-07-01 02:34:07.172650635
1375,customer,True,True,2025-12-04 18:08:39.000098415
1376,customer,True,True,2024-02-05 00:00:00.000000000
1377,customer,True,True,2026-01-22 17:18:04.366624107
1378,customer,True,True,2026-04-03 06:08:12.619371063
1379,customer,True,True,2026-02-19 19:35:10.123565940
1380,customer,True,True,2025-02-16 03:29:36.384464496
1381,customer,True,True,2025-10-17 04:15:01.896086791
1382,customer,True,True,2025-11-15 07:32:56.122183145
1383,customer,True,True,2026-01-20 13:24:20.781985482
1384,customer,True,True,2025-11-24 21:10:28.501895024
1385,customer,True,False,2026-01-30 12:07:04.806440683
1386,customer,True,False,2025-06-05 23:13:53.113485507
1387,customer,True,False,2025-12-20 21:27:57.126258720
1388,customer,True,True,2026-02-17 10:45:36.128788581
1389,customer,True,True,2025-03-16 19:31:10.962877613
1390,customer,True,True,2026-03-31 01:58:25.709013555
1391,customer,True,True,2025-10-14 07:38:13.626617321
1392,customer,True,False,2026-06-14 12:10:01.936570789
1393,customer,True,True,2026-05-08 09:31:07.661245060
1394,customer,True,True,2026-01-07 08:37:14.892158597
1395,customer,True,False,2026-02-02 01:11:05.459849932
1396,customer,True,False,2026-02-02 06:15:06.314996904
1397,customer,True,True,2025-05-09 07:31:17.237007175
1398,customer,True,True,2025-04-21 22:26:20.854966431
1399,customer,True,True,2025-09-04 05:16:08.812786605
1400,customer,True,True,2026-04-05 10:46:01.267020843
1401,customer,True,True,2025-11-26 06:44:26.444431234
1402,customer,True,True,2024-04-15 15:59:38.506016199
1403,customer,True,True,2024-02-05 00:00:00.000000000
1404,customer,True,True,2025-03-13 15:03:25.239830383
1405,customer,True,True,2026-04-01 14:23:37.902306011
1406,customer,True,True,2025-11-24 16:48:36.682323362
1407,customer,True,True,2025-09-19 00:21:18.204600845
1408,customer,True,True,2025-10-20 23:27:43.028779303
1409,customer,True,True,2025-02-06 22:54:52.369438035
1410,customer,True,True,2025-05-22 04:59:51.733601356
1411,customer,True,True,2026-04-06 22:45:21.686521413
1412,customer,True,True,2026-02-14 08:05:18.563885256
1413,customer,True,False,2025-03-15 00:05:10.678360782
1414,customer,True,False,2024-10-20 07:04:46.170800778
1415,customer,True,False,2025-09-16 06:58:44.663180676
1416,customer,True,False,2024-08-29 16:16:27.634139732
1417,customer,True,True,2025-10-10 18:48:39.856919501
1418,customer,True,False,2026-03-20 14:08:01.175778730
1419,customer,True,True,2025-06-16 23:03:37.505088144
1420,customer,True,True,2024-02-05 00:00:00.000000000
1421,customer,True,False,2026-04-27 22:31:11.263091469
1422,customer,True,True,2024-09-15 10:14:25.824998398
1423,customer,True,True,2025-07-02 05:13:11.216625906
1424,customer,True,True,2026-02-22 00:25:45.954352313
1425,customer,True,True,2026-06-13 09:11:24.503175675
1426,customer,True,True,2026-06-29 17:42:19.125664644
1427,customer,True,False,2026-02-02 12:58:25.120366119
1428,customer,True,True,2025-08-13 06:33:48.416728496
1429,customer,True,True,2025-04-07 17:07:07.209335039
1430,customer,True,True,2025-01-24 02:05:02.405558179
1431,customer,True,True,2025-09-03 05:12:20.907880215
1432,customer,True,True,2025-10-07 14:58:20.746598653
1433,customer,True,True,2026-01-02 05:41:17.833601015
1434,customer,True,True,2025-08-07 10:35:34.663282135
1435,customer,True,True,2026-02-20 02:22:42.418775476
1436,customer,True,True,2026-04-23 13:08:42.143126453
1437,customer,True,True,2025-10-20 08:07:42.139535503
1438,customer,True,True,2025-05-01 11:54:28.710859922
1439,customer,True,True,2026-05-10 22:31:42.586372975
1440,customer,True,True,2026-02-02 12:38:17.139674850
1441,customer,True,True,2025-10-27 17:03:07.022829629
1442,customer,True,True,2025-10-31 19:33:56.618915291
1443,customer,True,True,2025-07-09 05:18:27.751843803
1444,customer,True,False,2024-04-30 16:21:21.246871355
1445,customer,True,True,2026-06-29 10:20:24.981726676
1446,customer,True,False,2024-04-07 08:02:54.887560164
1447,customer,True,True,2024-05-23 16:59:50.577166482
1448,customer,True,True,2025-04-02 11:39:04.153850471
1449,customer,True,False,2025-09-20 08:59:57.632376869
1450,customer,True,True,2026-02-17 13:40:40.085209779
1451,customer,True,False,2025-04-06 08:41:27.098027025
1452,customer,True,True,2025-09-09 01:27:54.634065722
1453,customer,True,True,2025-12-29 20:36:21.213990493
1454,customer,True,False,2025-04-14 12:37:43.190784192
1455,customer,True,False,2025-02-19 01:16:45.603947888
1456,customer,True,True,2024-10-23 12:35:15.615664363
1457,customer,True,True,2026-03-03 13:37:17.463829547
1458,customer,True,True,2024-12-15 06:57:31.171002878
1459,customer,True,False,2025-12-26 20:47:28.118476061
1460,customer,True,False,2025-09-19 18:18:56.687741594
1461,customer,True,False,2025-08-07 05:50:33.594069976
1462,customer,True,True,2025-01-15 03:26:41.170258079
1463,customer,True,True,2025-05-16 01:19:57.742763353
1464,customer,True,True,2026-01-01 12:54:39.555284585
1465,customer,True,True,2026-06-24 22:58:51.237385044
1466,customer,True,True,2025-07-12 07:37:56.284762256
1467,customer,True,True,2025-09-28 18:59:56.817501925
1468,customer,True,True,2026-04-29 00:14:26.824356125
1469,customer,True,True,2025-09-03 00:04:31.004770605
1470,customer,True,True,2025-10-30 05:03:41.469131739
1471,customer,True,True,2024-10-27 13:58:59.518105211
1472,customer,True,True,2024-03-01 17:16:26.693059106
1473,customer,True,True,2025-02-27 13:53:39.180240396
1474,customer,True,False,2025-11-10 12:04:39.797322791
1475,customer,True,True,2025-10-12 05:05:53.892656109
1476,customer,True,True,2026-03-07 19:18:39.187935807
1477,customer,True,True,2026-02-12 20:32:16.276781766
1478,customer,True,True,2025-11-21 10:58:08.831379850
1479,customer,True,True,2025-12-10 07:51:07.586750405
1480,customer,True,True,2026-05-03 16:30:56.930123031
1481,customer,True,True,2024-10-23 07:03:03.988839505
1482,customer,True,True,2024-08-25 18:36:18.126181495
1483,customer,True,True,2024-11-05 14:05:09.246400815
1484,customer,True,True,2024-08-10 10:22:14.442722856
1485,customer,True,True,2024-02-05 00:00:00.000000000
1486,customer,True,True,2026-03-05 13:35:54.896353429
1487,customer,True,True,2024-02-05 00:00:00.000000000
1488,customer,True,True,2026-01-02 12:11:25.297157064
1489,customer,True,True,2025-06-02 19:45:47.602404902
1490,customer,True,True,2026-05-22 00:01:04.114905940
1491,customer,True,True,2026-01-22 12:40:53.581684579
1492,customer,True,True,2025-02-17 20:38:02.065639146
1493,customer,True,True,2025-05-20 03:04:07.600870339
1494,customer,False,True,2026-01-05 13:52:20.844694926
1495,customer,True,True,2025-10-12 07:19:59.203332362
1496,customer,True,True,2026-02-06 18:26:48.272589900
1497,customer,True,True,2025-02-18 19:26:31.817539038
1498,customer,True,True,2024-09-25 12:03:08.979874779
1499,customer,True,True,2026-03-05 00:38:16.938744885
1500,customer,True,False,2025-11-02 03:02:19.804752246
1501,customer,True,True,2026-05-06 21:15:58.679255307
1502,customer,True,True,2025-09-09 21:39:44.240651563
1503,customer,True,True,2025-07-02 07:30:15.958302256
1504,customer,True,True,2025-08-22 05:33:30.374934959
1505,customer,True,True,2025-07-23 01:15:15.527735016
1506,customer,True,False,2025-11-22 13:56:59.668776347
1507,customer,True,True,2025-11-18 04:44:50.367306296
1508,customer,True,True,2025-11-26 18:42:07.143619231
1509,customer,True,True,2026-01-26 23:12:22.248517315
1510,customer,True,False,2026-01-08 19:09:29.468822323
1511,customer,True,False,2025-07-14 08:37:40.101105018
1512,customer,True,False,2024-10-22 20:29:22.293045554
1513,customer,True,True,2026-03-25 17:28:51.918403034
1514,customer,True,True,2025-11-18 21:26:54.460369064
1515,customer,False,True,2026-04-16 12:42:38.415593143
1516,customer,True,True,2026-01-24 07:51:53.273456635
1517,customer,True,True,2025-12-30 12:51:09.159203955
1518,customer,True,False,2025-09-25 16:11:29.100737631
1519,customer,True,True,2025-10-01 16:14:45.622762999
1520,customer,True,True,2025-11-03 21:00:29.922358807
1521,customer,True,True,2025-08-04 06:13:06.085006781
1522,customer,True,True,2026-03-15 07:15:37.135642300
1523,customer,True,True,2025-09-23 21:08:12.460955678
1524,customer,True,False,2025-05-11 19:03:14.531758811
1525,customer,True,True,2026-03-16 17:25:38.281652642
1526,customer,True,True,2026-06-03 06:13:07.952076489
1527,customer,True,True,2025-02-21 13:51:40.701706440
1528,customer,True,True,2026-04-13 13:17:52.764309194
1529,customer,True,True,2026-01-31 09:31:33.377251040
1530,customer,True,True,2025-05-20 05:01:15.073844302
1531,customer,True,True,2026-03-22 09:44:47.783849128
1532,customer,True,True,2025-03-16 22:17:24.952889668
1533,customer,True,False,2026-02-20 08:27:51.747629628
1534,customer,True,True,2026-03-07 18:57:43.196386162
1535,customer,True,True,2026-04-16 01:47:01.002005351
1536,customer,True,False,2026-02-19 04:46:00.380923862
1537,customer,True,True,2025-06-27 11:00:39.282622252
1538,customer,True,False,2026-01-31 08:55:04.605250294
1539,customer,True,False,2025-02-20 04:25:39.052091643
1540,customer,True,False,2025-10-27 00:44:54.174060978
1541,customer,True,True,2025-10-09 15:17:52.119083124
1542,customer,True,True,2026-03-11 08:46:08.748104944
1543,customer,True,True,2024-12-31 09:54:56.837239609
1544,customer,True,True,2025-05-09 09:44:01.740150635
1545,customer,True,False,2025-05-17 16:12:59.799610023
1546,customer,True,True,2025-12-02 21:27:27.564569318
1547,customer,True,True,2026-04-27 03:24:04.588643420
1548,customer,True,True,2025-09-28 13:14:59.225856689
1549,customer,True,True,2025-07-08 16:08:19.707041308
1550,customer,True,True,2025-07-06 02:04:05.672246771
1551,customer,True,True,2025-08-09 11:13:06.864485771
1552,customer,True,True,2025-08-19 09:07:42.148579383
1553,customer,True,False,2026-02-20 23:19:40.564812824
1554,customer,True,True,2026-02-14 17:16:25.031037862
1555,customer,True,False,2026-04-15 04:28:49.589210370
1556,customer,True,True,2025-02-16 05:37:30.004989177
1557,customer,True,True,2024-03-26 19:21:50.731969767
1558,customer,True,True,2024-02-05 00:00:00.000000000
1559,customer,True,True,2025-09-13 18:02:54.660387809
1560,customer,True,False,2025-08-18 18:49:36.996737353
1561,customer,True,True,2025-11-25 20:32:56.151418592
1562,customer,True,True,2025-09-17 04:51:06.866865389
1563,customer,True,True,2026-03-22 19:51:26.492901627
1564,customer,True,True,2025-11-29 11:22:13.112058021
1565,customer,True,False,2026-03-06 19:53:18.211869151
1566,customer,True,True,2025-12-21 21:26:34.446318651
1567,customer,True,False,2026-02-24 18:16:07.050501031
1568,customer,True,True,2025-07-08 12:51:54.970842520
1569,customer,True,True,2025-06-05 16:57:07.398129194
1570,customer,True,False,2025-08-25 23:45:39.559919104
1571,customer,True,True,2026-02-14 04:11:31.859805915
1572,customer,True,True,2026-04-21 10:35:11.100351256
1573,customer,True,True,2025-06-02 14:00:20.448575995
1574,customer,True,True,2025-10-28 01:47:29.728699043
1575,customer,True,True,2026-06-05 12:41:58.202546759
1576,customer,False,True,2025-09-30 07:15:56.093493719
1577,customer,True,True,2025-08-17 00:42:19.549580942
1578,customer,True,False,2026-05-18 05:44:21.155799423
1579,customer,True,True,2025-07-04 00:49:24.038608492
1580,customer,True,True,2026-05-07 17:03:34.663267720
1581,customer,True,True,2026-02-28 00:43:45.775585105
1582,customer,True,True,2026-05-07 05:01:41.858575099
1583,customer,True,True,2026-03-12 10:50:27.354947151
1584,customer,True,True,2026-04-20 16:29:50.202847989
1585,customer,True,True,2025-02-18 09:32:04.439487864
1586,customer,True,True,2025-12-12 04:47:02.732586231
1587,customer,True,True,2026-01-15 18:50:23.709483284
1588,customer,True,True,2025-01-16 23:11:07.810567896
1589,customer,True,False,2025-02-04 08:38:39.005805751
1590,customer,True,True,2026-01-03 21:53:50.375500383
1591,customer,True,True,2025-08-30 10:55:33.278071942
1592,customer,True,False,2026-02-04 03:30:23.857854400
1593,customer,True,True,2025-11-16 06:10:44.002715613
1594,customer,True,True,2026-04-04 19:14:59.667150720
1595,customer,True,True,2025-07-27 22:27:37.952169273
1596,customer,True,True,2025-01-02 17:33:13.809418506
1597,customer,True,False,2025-03-07 09:14:56.590132143
1598,customer,True,True,2025-10-18 23:52:18.116172440
1599,customer,True,True,2026-06-10 12:02:12.188388334
1600,customer,True,True,2026-02-10 07:57:43.297280854
1601,customer,True,False,2025-11-16 11:39:35.837967252
1602,customer,True,False,2026-05-01 14:52:11.375503355
1603,customer,True,True,2026-05-14 16:34:52.739926030
1604,customer,True,True,2024-09-22 09:56:40.436154462
1605,customer,True,True,2025-04-14 12:03:08.616188806
1606,customer,True,False,2025-07-08 18:00:49.827791158
1607,customer,True,True,2025-05-19 16:30:24.154703773
1608,customer,True,True,2026-04-17 20:20:26.263098183
1609,customer,True,False,2026-03-16 04:32:11.330656619
1610,customer,True,False,2025-09-13 02:13:24.778631367
1611,customer,True,True,2025-08-26 18:30:21.514978717
1612,customer,True,False,2026-05-06 03:58:58.360746830
1613,customer,True,True,2025-09-28 11:38:17.885602102
1614,customer,True,True,2025-11-13 03:07:10.270339652
1615,customer,True,False,2025-03-17 21:17:53.290522646
1616,customer,True,True,2025-08-25 15:20:28.919361374
1617,customer,True,True,2024-08-04 02:30:03.679313504
1618,customer,True,True,2026-01-03 00:59:38.300094068
1619,customer,True,True,2026-04-11 20:28:11.649839768
1620,customer,True,True,2024-08-16 04:47:20.648247058
1621,customer,True,True,2025-08-13 13:32:59.950728022
1622,customer,True,True,2025-11-12 01:01:03.871909607
1623,customer,True,True,2026-03-12 01:02:13.997234847
1624,customer,True,False,2026-01-01 05:37:15.463835110
1625,customer,True,True,2026-01-09 09:05:42.104333303
1626,customer,True,True,2026-04-15 21:29:38.534851744
1627,customer,True,True,2026-06-24 03:28:08.954604342
1628,customer,True,True,2026-01-12 21:50:10.844603618
1629,customer,True,True,2025-05-12 08:37:20.812277802
1630,customer,True,False,2024-12-02 07:17:06.802806063
1631,customer,True,False,2025-03-05 05:31:21.515402424
1632,customer,True,True,2025-02-13 22:21:13.599491959
1633,customer,True,False,2026-04-05 03:49:26.260946231
1634,customer,True,True,2025-09-08 22:43:15.984449844
1635,customer,True,True,2025-07-06 17:49:50.732821713
1636,customer,True,True,2025-06-20 03:18:18.312477547
1637,customer,True,True,2025-11-16 03:32:20.494457359
1638,customer,True,False,2025-10-05 14:17:39.601085243
1639,customer,True,True,2025-03-15 00:02:41.221808791
1640,customer,True,True,2025-07-16 00:45:14.177098639
1641,customer,True,True,2025-05-29 13:13:41.935424230
1642,customer,True,True,2026-01-19 17:03:45.200440363
1643,customer,True,True,2025-06-13 04:34:10.112142179
1644,customer,True,False,2025-10-08 07:49:40.476763192
1645,customer,True,True,2025-04-16 08:35:04.557166057
1646,customer,True,True,2026-02-21 00:20:08.483153148
1647,customer,True,True,2025-05-10 22:21:21.416075759
1648,customer,True,True,2025-12-30 02:32:20.454858949
1649,customer,True,True,2025-05-09 14:16:59.574349563
1650,customer,True,True,2025-09-07 12:19:55.976808168
1651,customer,True,True,2025-10-23 04:56:24.844128032
1652,customer,True,True,2025-12-21 12:32:36.138022576
1653,customer,True,True,2025-11-11 05:51:23.661621090
1654,customer,True,True,2026-01-12 13:28:06.114981539
1655,customer,True,True,2025-12-24 21:01:34.477075065
1656,customer,True,True,2025-07-22 18:30:49.326700850
1657,customer,True,True,2026-05-27 18:12:14.257474820
1658,customer,True,True,2025-05-13 13:39:30.805253779
1659,customer,True,True,2025-05-08 16:49:30.537186284
1660,customer,True,True,2025-12-16 15:22:54.657767272
1661,customer,True,True,2025-09-30 04:54:38.858112672
1662,customer,True,False,2026-03-23 18:11:07.754671781
1663,customer,True,False,2025-08-07 17:48:57.998807718
1664,customer,True,True,2026-03-10 11:18:56.754619831
1665,customer,True,True,2026-07-13 16:45:13.232901635
1666,customer,True,True,2024-12-17 00:39:53.624715403
1667,customer,True,False,2026-04-04 04:46:52.959157724
1668,customer,True,True,2025-11-15 05:20:07.692268782
1669,customer,True,True,2025-09-22 05:45:11.576541917
1670,customer,True,True,2025-07-23 07:44:35.432681998
1671,customer,True,True,2025-10-29 21:14:24.235403047
1672,customer,True,True,2025-09-03 07:08:19.004707545
1673,customer,False,True,2025-12-20 11:57:24.238864106
1674,customer,True,False,2026-05-16 14:55:40.371311376
1675,customer,True,False,2025-11-06 05:55:59.464776597
1676,customer,True,True,2025-06-18 21:49:27.125075165
1677,customer,True,True,2026-03-29 04:52:29.699221132
1678,customer,True,False,2025-09-20 00:58:35.543091525
1679,customer,True,True,2024-05-04 13:41:04.421591999
1680,customer,True,False,2025-11-18 11:18:09.955638458
1681,customer,True,False,2025-11-09 02:54:46.550972279
1682,customer,True,True,2026-05-22 02:32:56.691046433
1683,customer,True,True,2026-04-09 22:32:29.646330024
1684,customer,True,True,2026-03-09 05:28:34.670087159
1685,customer,True,True,2025-06-29 08:13:27.136989411
1686,customer,True,True,2026-03-22 05:36:14.440055861
1687,customer,True,True,2026-06-11 07:31:51.252027373
1688,customer,True,True,2025-08-12 16:20:46.399172505
1689,customer,True,True,2026-02-26 16:54:40.157631813
1690,customer,True,True,2026-05-19 14:08:36.973843219
1691,customer,True,True,2025-05-28 01:35:39.764079091
1692,customer,True,True,2026-01-07 17:13:11.600024446
1693,customer,True,True,2025-07-21 11:11:58.329280655
1694,customer,True,True,2026-05-21 20:12:17.385836349
1695,customer,True,True,2026-06-27 19:42:01.035325530
1696,customer,True,True,2025-10-10 02:58:27.633127968
1697,customer,True,True,2026-04-13 06:02:27.165724273
1698,customer,True,False,2025-10-13 00:29:21.026894364
1699,customer,True,True,2025-10-08 15:46:38.430577376
1700,customer,True,True,2025-11-03 03:13:50.581310002
1701,customer,True,False,2025-02-16 15:37:43.731981187
1702,customer,True,True,2024-02-05 00:00:00.000000000
1703,customer,True,False,2025-08-16 20:17:12.918432624
1704,customer,True,True,2024-05-05 01:48:47.708209950
1705,customer,True,True,2026-01-03 14:23:02.526450960
1706,customer,True,True,2026-04-29 22:24:01.087661483
1707,customer,True,True,2026-02-18 12:11:26.827700067
1708,customer,True,False,2025-12-25 07:53:07.453414315
1709,customer,True,True,2024-03-22 13:50:09.898542292
1710,customer,True,True,2025-10-23 05:41:36.848899024
1711,customer,True,True,2025-02-03 21:27:37.813978285
1712,customer,True,False,2026-01-16 06:11:23.927350762
1713,customer,True,True,2026-02-02 16:48:13.041001841
1714,customer,True,True,2026-05-24 10:46:06.722029624
1715,customer,True,False,2024-04-08 21:15:31.891209144
1716,customer,True,True,2024-10-09 11:37:13.589472179
1717,customer,True,True,2025-09-17 19:22:06.562384928
1718,customer,True,True,2025-12-15 20:33:43.475013473
1719,customer,True,True,2025-10-15 16:52:16.167579793
1720,customer,True,True,2026-05-03 03:07:55.208195429
1721,customer,True,True,2025-07-21 22:36:02.904762016
1722,customer,True,False,2024-11-12 20:02:34.455371750
1723,customer,True,True,2024-10-23 17:10:33.252257897
1724,customer,True,True,2026-05-21 19:30:34.212268504
1725,customer,True,True,2025-02-07 02:54:34.458679158
1726,customer,True,True,2026-05-02 14:32:23.342330507
1727,customer,True,True,2026-06-25 08:50:07.694101643
1728,customer,True,True,2025-01-24 23:29:50.177739599
1729,customer,True,True,2026-01-27 22:56:29.068671455
1730,customer,True,False,2025-03-15 08:45:20.105681058
1731,customer,True,True,2025-04-13 05:07:14.245037686
1732,customer,True,True,2025-05-21 22:00:47.166103616
1733,customer,True,True,2025-10-18 04:03:30.037304132
1734,customer,True,True,2026-04-23 17:37:54.995315915
1735,customer,True,True,2025-12-24 23:35:31.806826970
1736,customer,True,False,2024-10-16 20:16:00.655734222
1737,customer,True,True,2025-03-06 21:34:12.127271071
1738,customer,True,True,2025-12-16 11:37:15.799339589
1739,customer,True,True,2025-12-18 12:50:27.502987811
1740,customer,True,True,2025-06-16 04:50:55.382381451
1741,customer,True,True,2025-10-03 12:53:40.426628036
1742,customer,True,True,2025-12-07 19:43:17.269491291
1743,customer,True,True,2025-07-08 17:30:44.390826493
1744,customer,True,True,2025-07-17 07:16:21.577273744
1745,customer,True,False,2026-02-14 23:56:27.825783361
1746,customer,True,True,2025-08-22 07:34:43.072235173
1747,customer,True,True,2025-08-01 15:06:30.250610571
1748,customer,True,True,2025-11-02 06:04:45.530077599
1749,customer,True,True,2026-02-28 13:34:43.889160833
1750,customer,True,True,2025-12-29 23:04:10.773584089
1751,customer,True,True,2026-03-24 03:35:58.075963740
1752,customer,True,True,2025-08-15 22:54:57.465795733
1753,customer,True,True,2026-05-21 10:40:51.707566440
1754,customer,True,True,2024-09-03 20:48:06.846149569
1755,customer,True,False,2024-12-01 11:26:40.382373452
1756,customer,True,False,2025-07-26 18:24:11.246405553
1757,customer,True,False,2025-03-26 04:41:45.249548972
1758,customer,True,True,2025-04-16 08:58:36.183416964
1759,customer,True,True,2025-09-30 07:37:03.731060508
1760,customer,True,True,2025-12-03 00:52:12.130002875
1761,customer,True,True,2025-12-22 09:10:11.839094781
1762,customer,True,False,2024-08-18 13:59:54.065266855
1763,customer,True,True,2026-03-04 20:35:12.755866575
1764,customer,True,True,2026-03-02 12:55:04.710877960
1765,customer,True,False,2025-02-25 20:30:27.063188825
1766,customer,True,True,2025-03-29 06:28:15.470780860
1767,customer,True,True,2025-12-13 01:52:23.229631512
1768,customer,True,True,2025-06-29 23:43:11.611041903
1769,customer,True,True,2025-05-25 22:33:46.942084593
1770,customer,True,False,2026-04-27 19:35:21.881774254
1771,customer,True,True,2024-11-06 10:07:43.033962850
1772,customer,True,True,2025-05-26 00:57:13.143334136
1773,customer,True,True,2025-07-22 03:28:08.194731592
1774,customer,True,False,2025-05-23 19:52:41.032219017
1775,customer,True,False,2025-08-20 20:13:50.457576119
1776,customer,True,False,2025-11-13 04:21:27.453175241
1777,customer,True,False,2025-09-28 10:32:36.055106330
1778,customer,True,True,2026-05-05 02:25:19.856801675
1779,customer,True,True,2024-02-20 18:42:37.201335518
1780,customer,True,False,2025-11-16 06:50:43.226526760
1781,customer,True,True,2024-03-01 07:39:08.642748626
1782,customer,True,True,2025-09-24 20:08:19.824785279
1783,customer,True,True,2026-02-03 22:53:11.168634861
1784,customer,True,True,2024-11-17 23:02:53.747061674
1785,customer,True,True,2025-08-01 05:36:52.774771516
1786,customer,True,False,2024-02-05 00:00:00.000000000
1787,customer,True,True,2026-02-07 09:30:19.085747772
1788,customer,True,True,2024-11-01 08:14:50.226279911
1789,customer,True,True,2024-10-10 18:15:22.780544072
1790,customer,True,True,2025-05-02 04:00:20.648878771
1791,customer,True,True,2024-10-07 06:28:42.649729188
1792,customer,True,True,2025-11-12 00:55:53.120719984
1793,customer,True,True,2026-03-05 10:39:53.980059744
1794,customer,True,True,2026-01-22 16:00:58.935704098
1795,customer,True,True,2025-10-09 10:24:46.465187317
1796,customer,True,True,2025-04-16 17:56:54.730123302
1797,customer,True,True,2026-02-25 04:07:36.272656399
1798,customer,True,True,2025-12-22 05:43:53.021344933
1799,customer,True,True,2026-02-15 06:22:31.235269596
1800,customer,True,True,2025-02-20 08:33:24.924543800
1801,customer,True,False,2024-03-05 16:32:13.258254141
1802,customer,True,True,2026-03-24 19:05:28.851653867
1803,customer,True,True,2025-06-17 11:42:26.181678203
1804,customer,True,True,2025-01-08 09:01:51.427098743
1805,customer,True,True,2025-11-28 06:13:27.983870377
1806,customer,True,True,2026-04-30 23:15:49.476127493
1807,customer,False,True,2024-11-21 15:33:57.142604886
1808,customer,True,True,2026-05-05 20:06:46.999902612
1809,customer,True,True,2024-07-27 09:18:49.905669733
1810,customer,True,False,2026-02-17 23:18:09.503994027
1811,customer,True,True,2026-05-16 15:06:54.998427888
1812,customer,True,False,2026-01-11 20:51:48.832941200
1813,customer,True,False,2025-10-25 15:53:07.034486805
1814,customer,True,True,2025-09-13 10:16:11.276851737
1815,customer,True,True,2025-05-25 13:53:32.124164180
1816,customer,True,True,2025-08-24 07:20:17.795713535
1817,customer,True,True,2024-04-19 09:41:20.432284394
1818,customer,True,True,2025-11-03 20:12:15.843915286
1819,customer,True,True,2025-08-11 21:12:41.367700821
1820,customer,True,True,2025-08-31 17:19:18.564339631
1821,customer,True,True,2026-05-24 11:52:46.537610906
1822,customer,True,True,2026-04-12 17:07:08.630115888
1823,customer,True,True,2025-10-08 14:26:55.339679176
1824,customer,True,False,2025-07-13 10:06:48.674030040
1825,customer,True,True,2026-06-15 10:10:02.093469511
1826,customer,True,True,2024-03-26 06:00:43.120408243
1827,customer,False,True,2025-06-22 13:11:25.731400728
1828,customer,True,False,2025-10-20 03:05:45.884092523
1829,customer,True,True,2025-07-04 20:52:26.376630589
1830,customer,True,True,2026-01-20 09:03:38.304052552
1831,customer,True,False,2025-09-11 00:41:25.669253513
1832,customer,True,True,2025-08-06 01:48:24.768040974
1833,customer,True,True,2024-11-16 23:57:49.523375414
1834,customer,True,True,2025-11-20 16:50:27.127469040
1835,customer,True,True,2026-05-03 18:27:33.532983237
1836,customer,True,True,2026-03-08 11:47:13.291500512
1837,customer,True,True,2025-12-05 02:07:18.572121388
1838,customer,False,True,2026-04-25 02:15:07.904465784
1839,customer,True,True,2026-03-20 19:01:28.722773016
1840,customer,True,True,2026-03-07 10:05:38.022437493
1841,customer,False,False,2025-12-16 14:23:42.317615346
1842,customer,True,True,2025-06-26 01:09:32.151324215
1843,customer,True,True,2025-12-24 08:36:26.333860611
1844,customer,True,True,2025-06-07 21:18:25.566919609
1845,customer,True,True,2025-10-19 22:38:03.033789081
1846,customer,True,True,2026-03-17 03:29:06.486600417
1847,customer,True,True,2025-08-01 23:40:49.161806219
1848,customer,True,True,2025-09-08 04:20:16.778184458
1849,customer,True,True,2025-05-31 13:04:32.962922642
1850,customer,True,True,2025-04-02 17:59:32.713558754
1851,customer,True,True,2024-11-04 11:11:33.790479072
1852,customer,True,True,2025-06-17 02:04:14.937450433
1853,customer,True,True,2025-09-15 12:22:34.162455026
1854,customer,True,True,2025-05-30 06:00:42.642440445
1855,customer,True,True,2026-01-09 00:00:52.092733738
1856,customer,True,True,2026-01-20 01:27:56.942372083
1857,customer,True,True,2024-09-09 22:52:48.255607477
1858,customer,True,True,2026-01-24 06:18:44.656301895
1859,customer,True,False,2026-03-04 10:40:24.398751844
1860,customer,True,True,2025-06-17 05:33:57.214212754
1861,customer,True,True,2026-01-07 17:11:27.340226273
1862,customer,True,True,2025-04-05 22:49:53.405272517
1863,customer,True,True,2024-12-04 00:27:54.027311533
1864,customer,True,True,2026-02-15 20:18:47.967557216
1865,customer,True,True,2025-05-15 06:33:27.944495047
1866,customer,True,True,2026-01-27 15:06:02.941047968
1867,customer,True,True,2025-12-01 09:35:37.559130862
1868,customer,True,True,2025-08-13 03:07:21.027942982
1869,customer,True,True,2026-01-19 17:51:53.543920009
1870,customer,True,True,2025-09-03 07:25:20.693340901
1871,customer,False,True,2025-11-16 21:53:14.234873727
1872,customer,True,True,2025-03-29 21:20:57.215536826
1873,customer,True,True,2025-03-29 01:42:33.098947641
1874,customer,True,True,2026-01-19 00:50:35.209191489
1875,customer,True,True,2025-08-07 17:35:48.551323520
1876,customer,True,True,2025-02-08 16:06:28.337297392
1877,customer,True,False,2026-03-22 12:42:56.520382266
1878,customer,True,True,2025-11-18 01:03:42.897788888
1879,customer,True,True,2025-08-18 03:37:02.801217199
1880,customer,True,True,2026-03-26 23:31:29.529300591
1881,customer,True,True,2026-01-01 17:51:09.166791151
1882,customer,True,True,2024-06-12 10:46:59.998960163
1883,customer,True,True,2026-01-24 16:22:10.800861811
1884,customer,True,True,2026-01-08 23:59:31.303006170
1885,customer,True,False,2025-06-20 05:05:28.894667773
1886,customer,True,True,2026-04-08 00:35:00.275630208
1887,customer,True,True,2025-11-14 02:19:09.441966168
1888,customer,True,True,2026-03-03 07:34:06.660869365
1889,customer,True,True,2025-09-03 17:39:48.573343668
1890,customer,True,False,2026-07-11 20:31:07.332923260
1891,customer,True,True,2025-10-04 00:55:53.719198951
1892,customer,True,True,2025-08-11 16:01:52.365792306
1893,customer,True,True,2025-12-28 18:01:11.825321117
1894,customer,True,True,2025-12-18 20:51:06.147663627
1895,customer,True,True,2026-01-16 15:28:07.208570191
1896,customer,True,True,2025-11-16 11:55:37.901362962
1897,customer,True,True,2024-09-04 04:06:55.562481859
1898,customer,True,True,2025-03-20 00:33:25.334616589
1899,customer,True,True,2025-11-16 16:08:37.453090736
1900,customer,True,False,2026-01-01 16:32:26.466915794
1901,customer,True,False,2025-04-18 20:25:35.298128416
1902,customer,True,True,2025-09-18 00:40:48.085116171
1903,customer,True,True,2026-03-29 11:31:03.240962712
1904,customer,True,False,2025-12-07 05:25:42.121694352
1905,customer,True,True,2024-10-20 05:34:27.290806983
1906,customer,True,True,2025-06-30 17:55:30.775409043
1907,customer,True,False,2025-12-31 00:07:13.185443986
1908,customer,True,True,2026-05-08 23:02:49.916426514
1909,customer,True,False,2025-09-04 20:30:20.377347547
1910,customer,True,True,2025-10-18 20:52:06.602105505
1911,customer,True,False,2025-11-22 05:38:06.297684706
1912,customer,True,True,2025-04-15 10:56:15.979368377
1913,customer,True,True,2025-06-27 12:17:54.383065334
1914,customer,True,True,2026-05-06 12:06:24.816657108
1915,customer,True,True,2025-10-17 18:23:00.402603859
1916,customer,True,True,2026-04-17 14:33:29.952177011
1917,customer,True,False,2026-01-14 05:22:10.974840180
1918,customer,True,False,2026-04-23 22:51:50.216273505
1919,customer,False,False,2026-04-20 23:51:12.834982216
1920,customer,True,True,2025-08-08 10:16:44.180762794
1921,customer,True,True,2025-08-31 15:44:32.276927922
1922,customer,True,True,2025-11-01 07:08:58.432571967
1923,customer,True,True,2026-01-26 15:42:24.794667150
1924,customer,True,True,2026-04-29 21:13:06.040334016
1925,customer,True,True,2026-01-13 13:04:21.973034770
1926,customer,True,True,2025-08-30 15:42:13.739359608
1927,customer,True,True,2025-09-04 18:39:31.034245839
1928,customer,True,True,2024-10-28 17:15:11.752093026
1929,customer,True,True,2024-12-24 20:39:26.921812133
1930,customer,True,True,2025-10-24 18:43:12.122495717
1931,customer,True,True,2026-01-15 01:33:26.342132962
1932,customer,True,False,2026-02-28 08:53:18.036896306
1933,customer,True,True,2026-05-11 12:23:23.278270872
1934,customer,True,False,2026-04-08 02:53:33.283476004
1935,customer,True,False,2025-08-30 07:44:32.219928462
1936,customer,True,True,2025-06-09 08:28:59.381262184
1937,customer,True,True,2025-12-16 10:02:19.723858608
1938,customer,True,True,2024-02-05 00:00:00.000000000
1939,customer,True,True,2026-04-07 05:19:02.139396816
1940,customer,True,True,2026-05-18 03:11:18.917523624
1941,customer,True,True,2024-02-05 00:00:00.000000000
1942,customer,True,False,2026-05-03 14:31:54.436545504
1943,customer,True,True,2025-12-18 15:11:56.190418245
1944,customer,False,True,2026-02-18 11:56:12.996987147
1945,customer,True,False,2025-08-13 13:22:57.525040457
1946,customer,True,False,2025-12-30 14:09:50.253146926
1947,customer,True,True,2025-06-08 11:59:00.504840717
1948,customer,True,True,2025-04-09 06:08:19.158524218
1949,customer,True,False,2026-05-12 04:35:05.171141873
1950,customer,False,True,2026-03-04 04:21:07.496540280
1951,customer,True,False,2025-05-15 22:49:21.848459941
1952,customer,True,True,2025-02-05 23:53:43.184104155
1953,customer,True,True,2025-09-23 16:34:47.932103836
1954,customer,True,True,2025-07-27 03:05:33.134681369
1955,customer,True,True,2024-10-02 21:29:07.010445656
1956,customer,True,True,2025-12-28 15:56:45.204704235
1957,customer,True,True,2025-09-25 23:47:27.696710461
1958,customer,True,True,2024-12-24 10:47:52.036676195
1959,customer,True,True,2024-12-01 04:07:42.246886705
1960,customer,True,True,2025-11-15 03:08:15.326223715
1961,customer,True,True,2026-02-28 12:25:08.709517500
1962,customer,True,True,2025-11-17 02:59:07.160193534
1963,customer,True,True,2025-10-30 16:03:39.354616386
1964,customer,True,True,2026-03-04 17:33:04.197452288
1965,customer,True,False,2026-02-15 10:52:41.008594250
1966,customer,True,True,2024-11-30 15:15:50.794250631
1967,customer,True,True,2025-07-15 18:44:50.228281600
1968,customer,True,True,2025-12-17 20:20:48.769960955
1969,customer,True,False,2026-04-01 11:58:48.230190357
1970,customer,True,False,2026-02-13 22:56:07.753980809
1971,customer,True,True,2026-05-23 04:03:56.672735841
1972,customer,True,True,2025-09-18 04:14:32.215003821
1973,customer,True,True,2026-02-20 19:00:39.122901335
1974,customer,True,True,2025-09-01 04:08:30.563678651
1975,customer,True,True,2025-05-18 20:57:32.020872673
1976,customer,True,True,2025-08-28 21:43:00.747829653
1977,customer,True,False,2026-01-06 06:17:07.752561931
1978,customer,True,False,2026-03-10 11:54:26.001725801
1979,customer,True,True,2026-04-15 02:09:56.137368563
1980,customer,True,True,2025-01-06 10:54:03.695888005
1981,customer,True,True,2025-09-07 14:46:13.005346222
1982,customer,True,True,2025-12-28 18:14:00.774520824
1983,customer,True,True,2025-06-24 19:18:15.902153940
1984,customer,True,True,2025-03-04 11:15:29.601070670
1985,customer,True,True,2026-02-18 06:26:16.381448135
1986,customer,True,True,2025-09-14 04:20:46.082498491
1987,customer,True,True,2025-09-09 19:45:11.983066175
1988,customer,True,True,2024-10-20 16:31:56.023435137
1989,customer,True,True,2025-12-30 21:35:56.025153796
1990,customer,True,True,2026-03-14 10:05:41.460816282
1991,customer,True,True,2025-08-21 05:16:20.254336188
1992,customer,True,True,2025-06-03 00:23:09.034909930
1993,customer,True,True,2025-10-01 14:01:07.156371775
1994,customer,True,True,2024-09-22 19:50:12.034571174
1995,customer,True,True,2025-12-31 09:07:18.001702638
1996,customer,False,True,2025-09-26 11:38:37.848204770
1997,customer,True,True,2026-05-06 17:51:00.842474313
1998,customer,True,False,2026-03-20 07:22:28.284488164
1999,customer,True,False,2026-02-17 11:37:03.269987187
2000,customer,True,True,2025-12-05 15:58:10.215909443
2001,customer,True,False,2026-04-24 20:41:26.935600874
2002,customer,True,True,2025-06-28 11:24:42.450300202
2003,customer,True,True,2026-02-28 04:53:38.608311406
2004,customer,True,True,2024-02-05 00:00:00.000000000
2005,customer,True,True,2026-02-24 02:20:12.642413540
2006,customer,False,True,2025-10-17 15:15:39.929502056
2007,customer,True,True,2025-11-10 14:50:22.810466173
2008,customer,True,True,2026-03-28 22:28:38.485119211
2009,customer,True,False,2025-12-05 00:30:17.237679895
2010,customer,True,True,2025-12-07 02:00:57.269457395
2011,customer,True,False,2025-04-08 22:57:38.927091776
2012,customer,True,False,2025-08-12 15:40:32.340435989
2013,customer,True,False,2025-07-02 06:05:39.662408167
2014,customer,True,True,2025-04-15 14:38:13.937994966
2015,customer,True,True,2025-06-28 02:32:26.674489352
2016,customer,True,True,2025-09-15 23:02:25.879705700
2017,customer,True,False,2026-02-18 14:27:52.113379940
2018,customer,True,True,2025-09-29 09:42:12.442083593
2019,customer,False,True,2026-03-12 17:30:02.380435270
2020,customer,True,True,2025-11-22 05:41:36.785922098
2021,customer,True,True,2025-12-14 11:01:55.275688944
2022,customer,True,True,2025-12-04 03:26:39.373456039
2023,customer,False,True,2026-04-24 01:25:52.670958664
2024,customer,True,True,2026-07-11 12:45:57.607521650
2025,customer,True,True,2026-01-12 06:34:40.175288038
2026,customer,True,True,2025-02-03 09:05:12.698929585
2027,customer,True,True,2025-10-20 11:45:22.401636685
2028,customer,True,True,2025-02-28 03:16:34.926352986
2029,customer,True,True,2026-03-12 00:22:05.084053727
2030,customer,True,False,2026-01-19 07:36:44.789991141
2031,customer,True,True,2024-02-05 00:00:00.000000000
2032,customer,True,False,2026-03-05 10:14:26.088866408
2033,customer,True,True,2025-07-07 05:38:53.302387918
2034,customer,True,True,2025-07-07 15:09:32.952766084
2035,customer,True,True,2025-08-04 00:27:23.269774531
2036,customer,True,True,2025-07-04 00:41:03.969774238
2037,customer,True,True,2026-03-07 00:51:38.678427594
2038,customer,True,True,2026-01-05 07:52:23.578428225
2039,customer,True,True,2026-07-05 23:59:06.374782188
2040,customer,True,False,2024-10-07 00:42:11.681864880
2041,customer,True,True,2025-07-05 13:18:14.098717210
2042,customer,True,True,2026-02-17 08:13:22.442159652
2043,customer,True,True,2026-03-10 19:56:16.503188525
2044,customer,True,True,2025-01-28 09:51:16.080568877
2045,customer,True,True,2026-02-25 19:58:20.264232081
2046,customer,True,True,2026-02-17 17:23:46.754545002
2047,customer,True,False,2026-04-02 01:40:40.858839578
2048,customer,True,True,2025-05-18 04:50:32.862071383
2049,customer,True,True,2025-03-04 22:38:58.187525623
2050,customer,True,True,2025-12-13 11:24:04.699587384
2051,customer,True,True,2025-03-02 19:50:40.470112125
2052,customer,True,True,2025-08-23 21:24:24.710746925
2053,customer,True,False,2026-04-07 17:52:08.396980600
2054,customer,True,True,2024-11-05 21:03:02.719218658
2055,customer,True,False,2026-04-03 01:39:23.669528573
2056,customer,True,False,2025-12-01 15:07:44.169890267
2057,customer,True,True,2025-12-13 00:04:19.872421531
2058,customer,True,True,2026-01-09 22:04:18.093307985
2059,customer,True,True,2026-06-10 07:44:47.603070272
2060,customer,False,True,2024-03-17 10:38:06.466253799
2061,customer,True,True,2026-06-03 18:24:36.750799253
2062,customer,True,True,2024-10-12 01:03:28.454700523
2063,customer,True,True,2026-03-14 12:31:32.931456295
2064,customer,True,False,2026-02-05 18:29:35.089266607
2065,customer,True,True,2024-11-21 00:53:47.537642988
2066,customer,True,True,2025-07-30 09:04:37.433946643
2067,customer,True,True,2026-05-04 06:19:42.838587872
2068,customer,True,True,2026-05-05 18:53:26.480210200
2069,customer,True,True,2025-09-03 01:35:07.754285173
2070,customer,True,True,2026-04-04 16:52:56.647246962
2071,customer,True,True,2025-07-19 00:11:09.460171329
2072,customer,True,True,2025-06-23 12:07:41.426329685
2073,customer,True,True,2026-03-02 23:43:39.740415166
2074,customer,True,True,2026-01-29 17:04:46.863043473
2075,customer,True,False,2025-08-26 20:17:45.718109080
2076,customer,True,True,2026-03-07 23:34:02.654597678
2077,customer,True,True,2025-10-20 05:16:45.877388184
2078,customer,True,True,2024-02-05 00:00:00.000000000
2079,customer,False,True,2025-08-16 01:03:16.021848376
2080,customer,True,True,2026-01-07 20:40:44.178792387
2081,customer,True,True,2024-02-05 00:00:00.000000000
2082,customer,True,False,2025-04-27 19:33:32.947921590
2083,customer,False,True,2026-04-02 10:24:47.119540369
2084,customer,True,True,2026-03-15 00:55:41.180419964
2085,customer,True,True,2026-05-28 13:02:45.637987278
2086,customer,True,True,2025-08-30 22:26:17.214395727
2087,customer,True,True,2026-06-18 08:50:02.989288260
2088,customer,True,False,2024-02-05 00:00:00.000000000
2089,customer,True,True,2025-12-20 20:38:45.899366730
2090,customer,True,False,2025-04-09 10:33:51.209334516
2091,customer,True,True,2026-01-04 00:33:38.678137264
2092,customer,True,True,2025-09-03 20:17:58.098565554
2093,customer,False,False,2025-11-29 07:17:07.543987988
2094,customer,True,True,2025-10-25 18:51:29.406631024
2095,customer,True,True,2025-01-02 07:52:15.027053760
2096,customer,True,True,2024-07-06 15:28:00.658943930
2097,customer,True,False,2024-08-12 02:00:45.347119209
2098,customer,True,False,2024-02-05 00:00:00.000000000
2099,customer,True,True,2026-02-23 14:08:52.902986010
2100,customer,True,True,2025-08-13 02:00:15.517511157
2101,customer,True,True,2026-02-20 19:07:39.507522511
2102,customer,True,True,2025-01-17 06:59:56.414867695
2103,customer,True,True,2026-03-28 18:04:59.697055471
2104,customer,True,True,2024-12-26 22:48:51.774298365
2105,customer,True,False,2025-09-24 14:22:06.251589262
2106,customer,True,True,2025-11-19 10:32:54.295151007
2107,customer,True,True,2025-10-29 15:58:58.201140352
2108,customer,True,False,2026-04-14 19:24:18.531786413
2109,customer,True,True,2026-04-07 07:13:40.935975269
2110,customer,True,True,2025-09-20 20:00:35.963521506
2111,customer,True,True,2025-09-22 06:35:17.496292978
2112,customer,True,True,2026-02-15 05:31:52.922262072
2113,customer,True,True,2025-12-22 14:26:26.245632918
2114,customer,True,True,2025-07-24 02:41:49.789845880
2115,customer,True,True,2026-03-08 14:06:55.326681980
2116,customer,True,True,2026-06-04 00:41:59.950910781
2117,customer,True,True,2024-09-21 23:03:39.538526746
2118,customer,True,True,2025-09-05 18:45:28.020770278
2119,customer,True,True,2026-01-23 04:04:59.570922075
2120,customer,True,False,2026-02-21 04:02:26.539287548
2121,customer,True,True,2026-03-09 16:22:07.448420989
2122,customer,True,True,2025-01-18 16:57:40.833172173
2123,customer,True,True,2026-04-29 04:57:43.915351047
2124,customer,True,True,2025-08-13 16:32:53.950638455
2125,customer,True,True,2025-08-13 21:22:17.908048955
2126,customer,True,True,2025-05-13 00:16:47.228031936
2127,customer,True,True,2026-01-09 13:13:40.418265407
2128,customer,True,False,2024-10-28 02:03:52.364114249
2129,customer,True,True,2025-05-04 10:05:24.096593640
2130,customer,True,True,2026-01-14 13:25:56.269746535
2131,customer,True,True,2026-02-26 20:18:20.005246276
2132,customer,True,True,2025-11-28 19:45:04.249423610
2133,customer,True,True,2026-01-19 09:35:26.608071607
2134,customer,True,True,2026-03-17 17:49:54.749560754
2135,customer,True,True,2025-10-21 02:25:35.375726321
2136,customer,True,False,2025-12-21 13:10:27.776684764
2137,customer,True,True,2024-07-22 12:55:47.005729303
2138,customer,True,True,2026-01-19 15:07:16.633596594
2139,customer,True,True,2026-02-27 22:00:11.990024260
2140,customer,True,True,2025-11-02 16:50:36.717639372
2141,customer,True,True,2025-09-12 19:08:23.251133418
2142,customer,True,True,2025-08-26 22:18:51.117325373
2143,customer,True,True,2025-08-29 03:40:08.725773533
2144,customer,True,True,2025-10-27 06:24:53.707088702
2145,customer,True,True,2025-11-10 02:43:57.114045118
2146,customer,True,True,2025-06-21 23:49:51.750846725
2147,customer,False,True,2026-03-27 06:07:21.030061441
2148,customer,True,True,2026-02-27 01:42:24.690926189
2149,customer,True,True,2026-05-18 01:20:14.142903173
2150,customer,True,True,2026-03-25 14:42:24.436447892
2151,customer,True,True,2025-02-22 11:18:36.063977438
2152,customer,True,False,2025-07-03 04:03:09.058947328
2153,customer,True,True,2024-05-21 07:51:36.261431082
2154,customer,True,True,2024-09-15 16:45:15.238553357
2155,customer,True,True,2025-06-30 22:50:18.686763557
2156,customer,True,False,2025-10-05 14:03:07.945304337
2157,customer,True,False,2025-10-30 01:44:35.644129789
2158,customer,True,True,2026-06-20 19:33:48.457993320
2159,customer,True,True,2025-11-19 21:00:50.719262418
2160,customer,True,True,2026-02-05 20:38:18.528059853
2161,customer,True,False,2026-03-21 01:16:46.612316759
2162,customer,True,False,2025-08-10 19:13:27.067108389
2163,customer,True,True,2025-12-11 00:31:33.875381998
2164,customer,True,True,2025-10-18 06:48:24.268215433
2165,customer,True,False,2026-04-05 00:32:30.844773776
2166,customer,True,True,2025-04-21 17:20:04.632033002
2167,customer,True,True,2026-01-20 07:31:07.825358597
2168,customer,True,True,2025-08-23 06:50:53.056266631
2169,customer,True,True,2026-01-08 04:40:59.536197682
2170,customer,True,True,2026-06-27 10:58:08.607867068
2171,customer,True,True,2025-08-01 04:40:04.847946186
2172,customer,True,True,2025-11-30 01:06:07.276582734
2173,customer,True,True,2026-05-22 12:12:48.889546546
2174,customer,True,True,2026-04-16 07:51:37.757907343
2175,customer,True,True,2025-04-12 20:14:39.317874850
2176,customer,True,True,2026-05-19 10:37:17.752807696
2177,customer,True,True,2026-01-24 00:25:15.688709441
2178,customer,True,True,2024-04-07 06:24:26.636567985
2179,customer,True,True,2025-07-25 22:02:13.711821899
2180,customer,True,True,2025-05-24 17:42:07.787314642
2181,customer,True,True,2025-12-25 04:52:45.802346489
2182,customer,True,False,2026-05-27 19:47:49.006005787
2183,customer,True,True,2025-09-29 04:54:27.067574256
2184,customer,True,True,2026-04-10 02:50:00.401297851
2185,customer,True,True,2026-04-18 20:43:03.041255606
2186,customer,True,False,2025-10-22 20:11:32.627212636
2187,customer,True,True,2026-04-03 14:27:59.595118068
2188,customer,True,True,2025-11-13 19:56:58.015874510
2189,customer,True,True,2026-02-23 02:15:39.550867955
2190,customer,True,True,2025-11-20 02:23:13.397675422
2191,customer,True,True,2026-02-01 23:17:46.347398244
2192,customer,True,True,2025-11-15 03:14:19.446927810
2193,customer,True,True,2024-10-21 04:37:56.188646688
2194,customer,True,False,2025-05-18 07:35:31.387419897
2195,customer,True,False,2025-12-04 22:42:49.345229624
2196,customer,True,True,2024-12-24 18:58:51.476613534
2197,customer,True,True,2025-08-19 23:35:29.773303913
2198,customer,True,True,2025-01-19 05:14:54.725125915
2199,customer,True,True,2026-05-12 04:31:00.389395595
2200,customer,True,False,2026-04-02 11:54:25.848065872
2201,customer,True,False,2025-10-01 15:31:48.015913158
2202,customer,True,True,2025-12-09 03:10:07.416617123
2203,customer,True,True,2025-11-14 16:52:15.504687613
2204,customer,True,True,2025-07-12 21:39:30.613565639
2205,customer,True,True,2025-09-29 13:34:29.818250213
2206,customer,True,False,2025-04-20 15:03:00.498674135
2207,customer,True,True,2025-04-28 21:07:31.055965323
2208,customer,True,True,2026-03-28 22:03:10.972437717
2209,customer,True,True,2026-06-26 06:24:53.355008192
2210,customer,True,True,2026-04-04 06:32:22.559931240
2211,customer,True,True,2026-04-10 08:36:54.819326022
2212,customer,True,True,2025-10-31 22:51:21.024191457
2213,customer,True,True,2025-11-03 09:02:00.221704034
2214,customer,True,True,2025-12-19 02:27:58.723743716
2215,customer,True,True,2025-08-11 00:43:46.307240265
2216,customer,True,True,2024-02-05 00:00:00.000000000
2217,customer,True,True,2025-12-22 14:46:35.349954788
2218,customer,True,False,2025-09-22 23:00:11.151772854
2219,customer,True,True,2025-11-14 17:50:50.941373183
2220,customer,True,False,2026-02-13 19:22:33.039641609
2221,customer,True,True,2025-07-10 12:57:10.261963999
2222,customer,True,True,2025-12-30 09:31:00.219278312
2223,customer,True,True,2026-03-11 20:39:26.377163718
2224,customer,True,True,2026-03-03 12:04:22.022878080
2225,customer,True,False,2025-04-09 16:32:30.387427682
2226,customer,True,True,2025-07-16 20:18:43.931887667
2227,customer,True,True,2026-01-30 13:15:54.914492019
2228,customer,True,True,2025-08-14 21:43:17.518042817
2229,customer,True,True,2025-11-12 14:28:35.850964368
2230,customer,True,True,2025-09-19 06:55:58.370073255
2231,customer,True,False,2026-02-17 02:27:03.098931339
2232,customer,True,True,2026-04-07 11:52:23.622581004
2233,customer,True,True,2025-12-31 06:14:19.588600629
2234,customer,True,False,2026-03-22 04:29:50.120674037
2235,customer,True,True,2026-03-29 17:45:00.507710434
2236,customer,True,True,2026-05-08 03:26:59.562739113
2237,customer,True,False,2026-06-26 00:20:31.657099615
2238,customer,True,True,2026-01-28 03:27:46.082771796
2239,customer,True,True,2025-02-10 03:51:15.707128611
2240,customer,True,False,2025-05-04 16:05:13.674776471
2241,customer,True,True,2024-08-20 00:45:25.546154147
2242,customer,True,False,2026-04-02 22:46:47.461780172
2243,customer,True,True,2025-06-23 21:22:21.676898413
2244,customer,True,True,2025-12-05 17:42:49.224505827
2245,customer,True,True,2026-03-03 07:22:55.970643173
2246,customer,True,True,2025-03-21 05:44:28.814040292
2247,customer,True,True,2025-12-04 00:33:37.290116417
2248,customer,True,True,2026-06-04 02:49:19.201754998
2249,customer,True,True,2025-05-07 19:52:58.894065734
2250,customer,True,True,2025-08-30 22:04:31.635573232
2251,customer,True,True,2025-10-21 01:42:40.106257537
2252,customer,False,True,2026-04-21 08:07:07.658987552
2253,customer,True,True,2025-09-27 21:11:58.859439620
2254,customer,True,True,2024-10-20 02:24:57.320354808
2255,customer,True,True,2025-09-06 03:36:03.449764288
2256,customer,True,True,2026-05-18 07:19:11.508984360
2257,customer,True,True,2025-08-20 03:29:45.474351231
2258,customer,False,True,2025-09-03 19:46:19.166238887
2259,customer,True,True,2025-06-02 01:48:57.301153964
2260,customer,True,True,2025-09-10 00:54:43.253662004
2261,customer,True,True,2026-03-29 09:39:03.302416386
2262,customer,True,False,2025-10-31 14:10:50.201273010
2263,customer,True,True,2025-12-28 13:50:43.567737919
2264,customer,True,True,2025-10-08 15:30:41.584215194
2265,customer,True,True,2025-03-09 10:04:53.287279269
2266,customer,True,True,2026-02-23 11:18:37.361073094
2267,customer,True,True,2024-06-12 12:33:49.822692679
2268,customer,True,True,2025-08-21 15:32:14.390404011
2269,customer,True,True,2025-05-06 03:42:25.322616208
2270,customer,True,True,2025-06-14 01:53:16.831303691
2271,customer,True,True,2025-08-30 21:26:30.646223057
2272,customer,True,True,2025-07-19 14:18:46.203774302
2273,customer,True,True,2026-07-19 21:41:49.218423939
2274,customer,True,True,2025-06-14 14:08:53.851718982
2275,customer,True,True,2026-03-21 13:58:40.548012554
2276,customer,True,True,2025-11-23 19:14:46.030889737
2277,customer,True,True,2025-09-01 11:15:45.470004092
2278,customer,True,True,2025-02-22 15:27:02.534728326
2279,customer,True,False,2026-03-21 13:13:30.203082590
2280,customer,True,False,2026-01-24 17:13:07.382719866
2281,customer,True,True,2026-01-05 13:18:27.121306139
2282,customer,True,True,2025-10-06 04:10:09.311966098
2283,customer,True,True,2025-12-27 03:57:50.700379608
2284,customer,True,False,2025-07-18 11:14:40.240702217
2285,customer,True,True,2026-06-02 01:10:50.269503588
2286,customer,True,True,2025-12-07 14:13:19.490493818
2287,customer,True,True,2024-09-09 10:17:06.144665623
2288,customer,True,True,2025-12-26 18:01:30.105933445
2289,customer,True,True,2025-08-20 18:37:24.811757444
2290,customer,True,True,2025-04-14 19:11:28.251265618
2291,customer,True,True,2025-08-28 06:12:08.391266839
2292,customer,True,True,2024-04-29 15:31:06.928695722
2293,customer,True,True,2025-10-27 03:11:04.627968879
2294,customer,True,True,2025-07-05 21:26:55.901167446
2295,customer,True,False,2025-09-27 16:31:46.349077656
2296,customer,True,False,2024-12-04 18:41:21.443249179
2297,customer,True,True,2026-01-17 21:53:20.071017445
2298,customer,True,False,2024-03-18 21:31:51.137697983
2299,customer,False,True,2026-02-20 11:32:14.560961272
2300,customer,True,True,2024-07-29 14:37:20.667617003
2301,customer,True,False,2026-04-02 08:53:45.008333927
2302,customer,True,True,2025-06-27 13:38:50.307276532
2303,customer,True,False,2025-11-12 14:28:07.857400078
2304,customer,True,True,2025-04-21 02:44:02.279780244
2305,customer,True,True,2025-08-15 01:52:09.567012810
2306,customer,True,True,2025-05-07 08:31:43.333072761
2307,customer,True,True,2026-04-05 16:15:14.567061909
2308,customer,False,False,2026-05-23 06:33:49.429247953
2309,customer,True,True,2026-04-20 09:57:53.537822750
2310,customer,True,True,2026-04-22 11:58:48.483469321
2311,customer,True,True,2026-04-06 19:18:44.692536883
2312,customer,True,True,2026-02-12 05:03:16.908415333
2313,customer,True,True,2026-02-13 07:58:45.557186276
2314,customer,True,True,2025-11-08 06:44:21.154822829
2315,customer,True,True,2026-03-14 02:25:18.080635152
2316,customer,True,True,2026-03-05 09:27:10.578415925
2317,customer,True,True,2025-12-17 07:13:30.222074822
2318,customer,True,True,2025-03-10 07:46:20.085271773
2319,customer,True,True,2026-01-20 08:14:01.866526662
2320,customer,True,True,2025-11-20 08:58:58.065133504
2321,customer,True,True,2025-10-21 22:46:46.641844396
2322,customer,True,True,2026-03-26 22:38:52.174571580
2323,customer,True,True,2026-01-06 10:24:15.965474369
2324,customer,True,True,2026-02-24 07:00:04.224854760
2325,customer,True,True,2025-04-10 00:17:14.993483594
2326,customer,True,True,2025-05-05 03:13:17.664513422
2327,customer,True,True,2026-03-08 03:32:23.553440978
2328,customer,True,True,2025-11-23 18:08:17.970304745
2329,customer,True,True,2025-07-05 16:34:41.820357225
2330,customer,True,True,2025-09-09 08:30:38.366309495
2331,customer,True,True,2025-08-16 13:32:59.252847625
2332,customer,True,True,2026-03-26 08:01:28.145613433
2333,customer,True,True,2024-08-15 09:08:45.402159057
2334,customer,True,True,2026-02-14 16:02:29.403772567
2335,customer,True,True,2026-02-18 04:52:31.282868419
2336,customer,True,True,2026-04-30 06:50:49.610157980
2337,customer,True,True,2025-12-10 05:16:45.209834058
2338,customer,True,True,2025-02-03 12:55:25.520870661
2339,customer,True,True,2025-09-11 13:28:54.558003798
2340,customer,True,False,2025-11-27 03:21:10.819552560
2341,customer,True,True,2025-05-26 08:15:28.626013898
2342,customer,True,False,2025-02-12 03:25:41.052382968
2343,customer,True,True,2025-05-05 18:53:40.231685616
2344,customer,True,True,2026-06-08 15:37:15.227243366
2345,customer,True,True,2025-05-23 22:19:10.746677790
2346,customer,True,True,2025-08-07 07:24:38.998833797
2347,customer,True,True,2026-03-10 14:21:40.503858766
2348,customer,True,True,2025-08-06 07:35:30.935131389
2349,customer,True,False,2025-02-02 20:08:36.358617478
2350,customer,True,True,2026-02-09 03:28:48.654570867
2351,customer,True,True,2025-04-14 20:00:18.943905454
2352,customer,True,True,2025-09-06 18:04:49.330118649
2353,customer,True,True,2026-07-14 14:19:06.930087177
2354,customer,True,True,2025-11-14 06:32:04.402344149
2355,customer,True,True,2025-09-15 11:52:53.269814165
2356,customer,True,True,2025-12-31 11:17:21.893876261
2357,customer,True,True,2025-08-29 11:24:37.635307198
2358,customer,True,True,2025-12-03 09:29:53.178506659
2359,customer,True,True,2024-02-05 00:00:00.000000000
2360,customer,True,True,2026-01-11 03:07:59.707666520
2361,customer,True,True,2026-03-07 09:56:52.534991657
2362,customer,True,True,2025-04-30 04:53:05.678997617
2363,customer,True,True,2025-12-23 02:18:51.819945201
2364,customer,True,True,2025-11-24 04:50:38.748510831
2365,customer,True,True,2025-12-09 00:03:19.331083389
2366,customer,True,False,2025-05-16 11:56:57.888901894
2367,customer,True,True,2026-04-07 12:29:33.469434275
2368,customer,True,True,2025-04-15 10:43:40.182526123
2369,customer,True,True,2025-07-18 14:49:19.026774123
2370,customer,True,True,2024-06-10 23:36:17.671466388
2371,customer,True,False,2025-10-02 03:42:24.694715137
2372,customer,True,True,2026-03-31 15:24:38.039258702
2373,customer,True,True,2025-09-29 21:00:33.260539266
2374,customer,True,True,2025-09-03 17:36:08.128199160
2375,customer,True,True,2025-01-03 13:28:28.037509534
2376,customer,True,True,2026-03-31 21:16:11.747579325
2377,customer,True,False,2026-05-18 05:52:10.666216759
2378,customer,True,True,2025-09-25 12:19:03.846340267
2379,customer,True,True,2024-05-20 15:19:00.891628367
2380,customer,True,True,2025-06-11 13:31:37.064652327
2381,customer,True,False,2025-05-26 15:47:39.748300440
2382,customer,True,True,2026-05-02 07:54:47.475415271
2383,customer,True,True,2025-10-29 13:58:29.111645917
2384,customer,True,True,2024-12-27 14:35:05.926343350
2385,customer,True,True,2025-09-01 01:43:56.816740209
2386,customer,True,False,2026-05-22 15:45:29.937888672
2387,customer,True,True,2025-11-02 09:09:42.600991954
2388,customer,True,True,2025-06-30 11:15:35.480212990
2389,customer,True,True,2025-11-22 15:23:38.854371650
2390,customer,True,False,2026-03-19 12:31:59.085992586
2391,customer,True,True,2025-04-21 02:24:42.468292371
2392,customer,True,False,2026-01-16 23:42:50.169232622
2393,customer,True,False,2025-08-10 10:33:18.631508516
2394,customer,True,False,2025-11-07 09:34:20.339684919
2395,customer,True,True,2026-01-22 10:33:47.747427789
2396,customer,True,True,2024-03-24 19:11:30.542488659
2397,customer,True,False,2026-02-07 00:20:17.305391104
2398,customer,True,False,2025-10-22 14:30:48.969201148
2399,customer,True,True,2025-11-07 23:41:33.749101021
2400,customer,True,True,2025-09-30 18:45:09.387834250
2401,customer,True,True,2024-05-03 13:17:46.148379142
2402,customer,True,True,2025-06-30 03:10:04.357338431
2403,customer,True,False,2026-01-23 19:14:40.961259845
2404,customer,True,True,2024-10-06 16:34:13.216797624
2405,customer,True,True,2025-05-15 04:36:12.096742464
2406,customer,True,True,2026-01-21 00:48:21.905786489
2407,customer,True,False,2024-12-09 03:32:38.559821661
2408,customer,True,True,2026-05-03 04:28:30.525226920
2409,customer,True,True,2026-04-11 08:53:28.784603328
2410,customer,True,True,2026-05-26 19:27:31.730874348
2411,customer,True,True,2026-06-19 15:31:37.299208089
2412,customer,True,True,2025-01-05 05:49:13.768736676
2413,customer,True,True,2025-09-28 03:26:34.874272868
2414,customer,True,True,2026-05-21 03:01:55.465635389
2415,customer,True,False,2025-11-12 20:16:36.143533563
2416,customer,True,True,2025-04-05 06:39:24.857283998
2417,customer,True,True,2026-03-01 21:07:46.884163970
2418,customer,True,True,2025-12-31 10:32:09.403664010
2419,customer,True,True,2024-02-28 06:24:12.599992415
2420,customer,True,True,2025-12-17 00:48:38.054016689
2421,customer,True,True,2026-05-15 17:35:02.760899041
2422,customer,True,True,2026-02-01 08:38:28.285307748
2423,customer,True,False,2026-05-25 11:59:07.821265552
2424,customer,True,True,2025-06-08 09:09:56.834571577
2425,customer,True,False,2026-03-18 07:10:01.090178904
2426,customer,True,True,2026-03-21 17:12:19.596997348
2427,customer,True,True,2024-02-05 00:00:00.000000000
2428,customer,True,False,2026-04-21 08:35:24.144567300
2429,customer,True,False,2026-05-06 07:57:43.731340638
2430,customer,True,True,2026-04-06 12:11:41.127188816
2431,customer,True,True,2025-03-26 08:32:04.794162263
2432,customer,True,True,2025-07-14 07:44:35.350417931
2433,customer,True,True,2026-02-03 03:14:22.956691506
2434,customer,True,True,2026-02-15 08:49:13.050531120
2435,customer,True,True,2025-08-02 19:52:46.598975614
2436,customer,False,True,2025-09-19 23:57:20.362055775
2437,customer,True,True,2025-12-06 04:19:24.496934379
2438,customer,True,False,2025-07-05 09:45:09.488962357
2439,customer,True,True,2026-04-12 20:58:39.592994425
2440,customer,True,True,2026-03-16 10:41:57.332324251
2441,customer,True,True,2025-06-21 14:07:20.104221951
2442,customer,True,False,2025-09-02 04:14:47.838527382
2443,customer,True,True,2025-10-30 16:57:11.232201693
2444,customer,True,False,2024-02-05 00:00:00.000000000
2445,customer,True,True,2025-05-07 21:43:21.539604447
2446,customer,True,True,2026-01-30 00:31:27.639581048
2447,customer,True,True,2026-03-06 16:40:06.043489580
2448,customer,True,True,2025-08-22 06:45:03.743997371
2449,customer,True,False,2025-01-06 09:27:14.454339754
2450,customer,True,True,2026-06-03 11:55:52.353951120
2451,customer,True,True,2025-09-08 02:29:32.444001782
2452,customer,True,True,2026-01-03 01:10:27.518235192
2453,customer,True,False,2025-09-28 05:04:40.406779566
2454,customer,True,True,2026-05-11 15:38:15.898546202
2455,customer,True,True,2025-01-06 15:49:57.406805069
2456,customer,True,True,2024-09-27 11:23:10.463048342
2457,customer,True,False,2025-06-03 21:10:48.171530482
2458,customer,True,False,2024-07-01 21:16:50.850932569
2459,customer,True,False,2026-01-10 17:44:25.194316267
2460,customer,True,True,2025-09-13 09:48:25.134909541
2461,customer,True,True,2025-05-30 16:34:12.753446451
2462,customer,True,False,2025-08-19 04:12:17.846628144
2463,customer,True,False,2025-12-22 01:13:33.962840910
2464,customer,True,True,2025-12-04 07:24:45.809719324
2465,customer,True,True,2024-11-05 03:05:00.039102003
2466,customer,True,False,2025-11-09 11:24:05.804105285
2467,customer,True,True,2025-01-27 11:15:07.131675258
2468,customer,True,True,2025-11-19 04:49:09.842139633
2469,customer,True,False,2025-01-29 14:29:42.927210592
2470,customer,True,True,2025-10-20 01:08:25.409451996
2471,customer,True,True,2025-06-23 01:00:26.681208999
2472,customer,True,True,2026-02-20 02:56:42.277555297
2473,customer,True,True,2025-09-13 21:21:33.344545992
2474,customer,True,False,2026-02-18 06:26:38.886360660
2475,customer,True,True,2026-01-14 10:10:41.031352405
2476,customer,True,True,2026-01-02 06:09:21.311922909
2477,customer,True,True,2025-12-07 06:35:42.221080816
2478,customer,True,True,2025-03-11 03:47:57.275877731
2479,customer,True,False,2026-01-20 02:02:55.245937290
2480,customer,True,True,2025-10-06 06:52:36.655743620
2481,customer,True,True,2025-01-28 11:11:06.575383853
2482,customer,True,True,2025-06-28 15:27:48.152694353
2483,customer,True,True,2026-06-02 08:49:48.072475710
2484,customer,True,True,2026-05-13 13:41:20.941088200
2485,customer,True,True,2025-08-14 18:07:05.833424977
2486,customer,True,True,2026-01-27 07:28:53.077230020
2487,customer,True,True,2026-05-22 22:11:48.627281910
2488,customer,True,True,2026-02-06 08:45:47.378179046
2489,customer,True,True,2025-08-05 18:42:48.584728302
2490,customer,True,True,2026-01-03 23:28:54.796102614
2491,customer,True,True,2025-10-26 00:52:35.665469484
2492,customer,True,True,2025-12-20 23:12:10.799007967
2493,customer,True,False,2026-02-24 13:19:55.676383948
2494,customer,True,True,2025-09-18 03:58:57.384978148
2495,customer,True,True,2026-05-29 09:00:20.271953281
2496,customer,True,True,2026-03-11 15:35:10.629992383
2497,customer,True,True,2025-05-09 00:36:47.558648500
2498,customer,True,True,2026-05-11 08:29:07.979682028
2499,customer,True,True,2025-11-04 18:52:52.517966924
2500,customer,True,True,2026-01-15 22:26:16.186936811
2501,customer,True,True,2026-01-29 15:32:41.955253101
2502,customer,True,True,2025-04-10 15:42:53.743807363
2503,customer,True,False,2025-02-07 17:33:33.466515172
2504,customer,True,True,2026-04-06 17:52:48.241646622
2505,customer,True,True,2025-12-05 20:59:23.880931985
2506,customer,True,False,2026-06-12 21:32:40.465502509
2507,customer,True,True,2025-04-28 04:24:31.812956070
2508,customer,True,True,2025-11-14 14:55:29.269494662
2509,customer,True,True,2026-05-16 03:42:08.437894238
2510,customer,True,True,2026-03-06 03:50:32.729813716
2511,customer,True,True,2026-04-15 02:34:25.123942581
2512,customer,True,True,2026-03-12 18:03:55.103945395
2513,customer,True,True,2026-06-08 09:23:42.857869728
2514,customer,True,True,2024-11-09 10:58:30.054970163
2515,customer,True,True,2026-04-03 02:06:38.240564323
2516,customer,True,True,2025-11-05 05:45:36.683954393
2517,customer,True,False,2025-08-08 00:04:37.334704864
2518,customer,True,True,2025-02-07 05:37:29.686946371
2519,customer,True,True,2025-10-29 15:46:46.731040531
2520,customer,True,False,2025-12-23 10:40:19.470340281
2521,customer,True,False,2025-10-21 11:30:23.035126675
2522,customer,True,True,2026-04-07 06:48:39.894962717
2523,customer,True,True,2026-03-30 11:16:55.316875991
2524,customer,True,True,2025-12-27 04:12:58.158127605
2525,customer,True,False,2026-06-24 13:19:00.741496273
2526,customer,True,True,2026-02-21 22:45:43.771355583
2527,customer,True,True,2026-01-24 20:57:34.224242406
2528,customer,True,True,2024-04-20 01:58:45.782982636
2529,customer,True,True,2024-12-23 20:47:40.451774223
2530,customer,True,True,2025-08-08 21:09:10.310925681
2531,customer,True,True,2025-04-20 15:11:41.944903584
2532,customer,True,True,2026-03-31 07:38:50.168451371
2533,customer,True,True,2025-10-16 03:02:26.335766193
2534,customer,True,False,2025-05-27 21:43:15.416726976
2535,customer,False,True,2026-03-30 09:49:29.632221889
2536,customer,True,True,2026-05-13 08:46:54.698826600
2537,customer,True,True,2025-09-02 22:50:08.272939944
2538,customer,True,True,2026-05-05 07:58:06.310143852
2539,customer,True,True,2025-07-17 15:44:46.935672968
2540,customer,True,True,2025-02-13 04:27:11.521045976
2541,customer,True,True,2026-03-27 04:25:49.632667542
2542,customer,True,True,2026-03-19 04:08:38.297782643
2543,customer,True,True,2025-02-23 06:53:17.990222666
2544,customer,True,True,2025-10-28 14:39:59.438136963
2545,customer,True,True,2025-04-08 18:47:15.710494200
2546,customer,True,True,2025-12-21 07:45:42.888396338
2547,customer,True,True,2025-12-09 00:02:16.692053358
2548,customer,True,True,2025-11-02 15:19:39.862742843
2549,customer,True,False,2024-08-03 06:44:36.368121550
2550,customer,True,True,2025-05-02 22:18:36.199659840
2551,customer,True,True,2026-02-26 00:26:35.930948332
2552,customer,True,True,2025-10-01 12:35:47.261518533
2553,customer,True,True,2026-01-01 12:43:06.559249847
2554,customer,True,False,2026-01-29 15:36:17.512424701
2555,customer,True,False,2025-07-24 17:17:47.890933717
2556,customer,True,True,2025-09-11 23:19:33.740794195
2557,customer,True,False,2026-03-25 23:55:51.062304608
2558,customer,True,True,2025-11-02 03:52:59.338265489
2559,customer,True,False,2026-02-02 21:03:26.179620057
2560,customer,True,False,2025-08-09 07:56:48.507402377
2561,customer,True,True,2026-02-08 20:01:49.772091749
2562,customer,True,True,2025-12-07 23:16:35.289657864
2563,customer,True,True,2026-01-25 20:19:59.923612549
2564,customer,True,True,2026-05-31 09:56:54.610587877
2565,customer,True,True,2024-08-26 01:09:43.009612851
2566,customer,True,True,2025-11-04 06:07:45.065156716
2567,customer,True,True,2024-08-10 11:53:43.997969259
2568,customer,True,True,2025-10-26 15:30:32.578873330
2569,customer,True,True,2025-06-09 14:58:19.448407713
2570,customer,True,True,2026-02-17 22:52:19.384853241
2571,customer,True,True,2026-02-14 18:59:04.481261460
2572,customer,True,True,2025-11-14 17:14:52.910951108
2573,customer,True,True,2024-08-14 13:48:19.895626037
2574,customer,True,True,2026-03-22 09:13:00.073733719
2575,customer,True,True,2026-06-13 01:40:31.724137630
2576,customer,True,True,2025-03-03 01:57:08.124279308
2577,customer,True,True,2025-05-23 15:29:53.883389455
2578,customer,True,True,2026-01-17 21:19:44.635608521
2579,customer,True,True,2024-02-18 12:38:55.384728265
2580,customer,True,True,2024-02-05 00:00:00.000000000
2581,customer,True,False,2026-06-04 05:50:03.213766908
2582,customer,True,True,2026-02-20 21:16:58.984267210
2583,customer,True,False,2025-11-16 00:49:34.666593929
2584,customer,True,True,2025-08-15 19:43:41.512632359
2585,customer,True,True,2025-09-19 09:04:15.405906908
2586,customer,True,True,2025-11-04 23:12:49.426873543
2587,customer,True,True,2026-04-06 21:35:57.989670669
2588,customer,True,True,2025-07-17 03:15:35.698149804
2589,customer,True,True,2025-07-02 17:23:09.073824453
2590,customer,True,True,2025-03-26 08:33:06.002542472
2591,customer,True,True,2026-04-19 19:52:26.220062062
2592,customer,True,False,2025-12-14 11:11:05.385989288
2593,customer,True,True,2026-01-24 21:33:38.428262122
2594,customer,True,True,2026-04-21 10:08:46.467151328
2595,customer,True,True,2025-12-17 01:55:40.640303223
2596,customer,True,True,2026-04-02 03:05:49.384535759
2597,customer,True,True,2026-05-04 23:01:54.458036383
2598,customer,True,True,2025-05-19 23:16:56.134119732
2599,customer,True,True,2026-01-18 15:55:23.090316888
2600,customer,True,True,2026-02-26 19:52:47.388759353
2601,customer,True,True,2025-01-06 11:53:32.786339165
2602,customer,True,True,2025-06-24 21:23:28.435984648
2603,customer,True,True,2026-06-17 18:17:40.273556992
2604,customer,True,False,2025-08-14 06:32:20.187756134
2605,customer,True,True,2025-08-15 09:30:52.327509544
2606,customer,True,True,2025-12-23 20:51:14.014431355
2607,customer,True,True,2025-12-29 21:01:51.617106365
2608,customer,True,True,2026-05-24 19:39:42.534128204
2609,customer,True,True,2024-02-24 23:08:10.291591626
2610,customer,True,True,2025-12-17 17:08:30.595867847
2611,customer,True,True,2025-08-27 00:28:39.807853476
2612,customer,True,True,2025-12-08 14:04:07.357033656
2613,customer,True,True,2026-02-24 19:58:51.066450316
2614,customer,True,True,2025-04-27 17:37:34.673157270
2615,customer,True,False,2025-10-07 20:27:10.480928150
2616,customer,True,True,2025-12-16 07:54:04.876028413
2617,customer,True,True,2025-08-29 11:16:17.796793311
2618,customer,True,True,2025-11-22 19:05:42.968276523
2619,customer,True,True,2024-07-10 07:52:30.820650969
2620,customer,True,True,2025-05-07 20:51:58.650333639
2621,customer,True,True,2025-07-22 23:16:54.401733161
2622,customer,True,True,2026-05-17 10:07:35.369228286
2623,customer,True,True,2025-07-14 06:33:06.052022606
2624,customer,True,True,2025-07-20 13:50:12.259877646
2625,customer,True,True,2026-03-31 09:14:53.909490694
2626,customer,True,True,2026-05-18 22:27:25.858488249
2627,customer,True,True,2025-05-19 20:35:48.978109021
2628,customer,True,True,2025-04-13 17:34:38.494551047
2629,customer,True,True,2026-02-14 03:06:53.822811696
2630,customer,True,True,2026-02-19 19:52:08.856421470
2631,customer,True,True,2025-10-11 08:43:51.782146012
2632,customer,True,True,2026-01-19 03:07:53.119525947
2633,customer,True,True,2026-05-20 08:36:14.510920044
2634,customer,True,True,2026-04-01 12:04:11.594130603
2635,customer,True,True,2025-09-04 07:50:31.203601541
2636,customer,True,True,2026-03-26 22:31:39.509000343
2637,customer,True,True,2025-03-29 03:44:50.816092284
2638,customer,True,True,2025-07-24 14:36:39.620330338
2639,customer,True,False,2025-08-26 07:50:45.358807068
2640,customer,True,True,2025-10-15 13:58:01.986477667
2641,customer,True,True,2026-03-02 05:40:54.368632728
2642,customer,True,True,2025-06-20 08:12:58.800545234
2643,customer,True,False,2026-03-05 13:22:35.785536788
2644,customer,True,True,2025-03-11 09:19:02.027141231
2645,customer,True,True,2024-09-21 14:23:59.072137181
2646,customer,True,True,2025-10-09 01:29:31.759875019
2647,customer,False,True,2024-11-16 17:18:09.993660066
2648,customer,True,True,2026-03-31 03:25:17.087911744
2649,customer,True,True,2025-07-21 19:51:02.448453301
2650,customer,True,True,2025-11-09 16:32:58.420945277
2651,customer,True,False,2025-05-14 22:25:57.095384762
2652,customer,True,False,2026-06-15 08:48:59.547671928
2653,customer,True,False,2025-05-31 23:54:00.231026496
2654,customer,False,True,2026-02-18 23:36:52.822300433
2655,customer,True,True,2025-10-31 11:51:48.243729134
2656,customer,True,True,2024-03-05 11:37:04.803800716
2657,customer,True,True,2025-07-13 10:56:11.749727328
2658,customer,True,True,2025-08-15 06:57:46.273544730
2659,customer,True,True,2025-09-03 03:44:46.500833216
2660,customer,True,False,2025-02-04 23:38:43.202135124
2661,customer,True,True,2025-05-05 00:05:32.675258691
2662,customer,True,True,2025-08-31 16:08:43.937305691
2663,customer,True,True,2025-09-28 00:23:54.787983715
2664,customer,True,True,2025-10-11 18:48:12.719353110
2665,customer,True,True,2025-11-19 17:53:14.500645921
2666,customer,True,True,2026-04-21 06:05:28.207273203
2667,customer,True,True,2025-07-18 20:57:36.893081063
2668,customer,True,True,2026-02-06 11:55:59.620216219
2669,customer,True,False,2025-12-11 00:09:03.806821109
2670,customer,True,True,2025-04-14 23:28:48.723502469
2671,customer,True,True,2025-11-15 12:35:13.536869692
2672,customer,True,True,2025-11-29 10:31:21.104179297
2673,customer,True,True,2025-10-08 10:45:53.974713393
2674,customer,True,True,2025-12-31 20:35:18.199327624
2675,customer,True,True,2024-03-17 07:24:34.557719409
2676,customer,True,True,2024-05-30 04:58:36.350233079
2677,customer,True,True,2024-06-12 04:27:33.788436460
2678,customer,True,True,2025-09-02 09:54:22.528233674
2679,customer,True,True,2026-02-14 18:43:18.905834436
2680,customer,True,True,2025-04-06 16:50:08.073669066
2681,customer,True,True,2025-12-30 16:06:37.917130404
2682,customer,True,True,2025-03-10 03:38:54.629010145
2683,customer,True,False,2026-02-20 15:11:23.518372025
2684,customer,True,True,2025-08-17 04:20:47.706829360
2685,customer,True,True,2025-01-22 11:12:19.876676809
2686,customer,True,False,2025-12-21 23:50:56.504316023
2687,customer,True,False,2025-12-22 13:38:42.975170002
2688,customer,True,True,2026-05-12 06:13:35.026548874
2689,customer,True,True,2026-02-16 20:18:54.088044622
2690,customer,True,False,2025-09-06 18:26:56.082524744
2691,customer,True,True,2025-08-03 17:53:06.712713641
2692,customer,True,True,2025-06-29 01:26:36.682439612
2693,customer,True,True,2026-06-05 15:22:45.021993240
2694,customer,True,False,2025-12-29 22:23:32.426642012
2695,customer,True,True,2026-05-03 20:51:27.624497879
2696,customer,True,True,2025-09-17 19:38:35.812962704
2697,customer,True,True,2026-05-24 17:35:15.687548590
2698,customer,False,True,2026-04-11 03:16:13.318471085
2699,customer,True,True,2025-05-10 00:46:01.095197860
2700,customer,True,True,2026-02-02 05:28:01.583153366
2701,customer,True,True,2024-11-13 08:43:32.486189595
2702,customer,True,False,2025-06-22 04:04:21.670642157
2703,customer,True,True,2025-12-21 02:19:24.775461630
2704,customer,True,True,2025-03-24 15:00:03.798418752
2705,customer,True,True,2025-12-07 07:38:11.567836830
2706,customer,True,True,2025-05-26 12:25:25.983560341
2707,customer,True,False,2026-02-22 23:00:09.031599487
2708,customer,True,True,2025-03-06 00:49:40.454748711
2709,customer,True,True,2026-05-18 23:07:33.308464417
2710,customer,True,True,2026-04-11 06:29:39.484262654
2711,customer,True,True,2026-03-26 05:14:48.245056829
2712,customer,True,True,2026-02-09 22:51:19.142201739
2713,customer,True,True,2025-08-29 20:15:05.913958410
2714,customer,True,True,2025-11-05 18:26:22.035878336
2715,customer,True,False,2025-05-23 06:39:17.859535817
2716,customer,True,True,2025-01-17 12:30:22.728190764
2717,customer,True,True,2026-05-25 22:46:18.896706051
2718,customer,True,True,2024-12-05 03:28:28.855016369
2719,customer,True,False,2025-12-11 00:41:01.803289347
2720,customer,True,True,2024-06-21 15:32:38.426556555
2721,customer,True,True,2026-02-28 07:26:44.997204921
2722,customer,True,True,2026-06-11 04:28:47.780628719
2723,customer,True,True,2025-06-19 04:02:07.880793769
2724,customer,True,True,2025-07-05 17:10:48.560132113
2725,customer,True,True,2026-04-08 20:03:33.385388409
2726,customer,True,True,2026-03-30 08:13:12.766088652
2727,customer,True,True,2025-05-01 23:32:14.759489429
2728,customer,True,True,2025-08-18 21:52:27.161281221
2729,customer,True,True,2025-12-27 11:34:55.337926132
2730,customer,True,True,2025-07-26 04:34:36.773207075
2731,customer,True,True,2025-09-10 17:20:01.093188302
2732,customer,True,False,2026-03-19 15:06:24.390526925
2733,customer,True,True,2025-04-09 17:28:01.868568474
2734,customer,True,True,2025-06-07 06:17:40.856061550
2735,customer,True,True,2025-11-01 11:55:30.925231974
2736,customer,True,True,2025-05-01 18:53:06.375662077
2737,customer,True,True,2024-04-22 03:17:14.426014451
2738,customer,True,False,2026-03-31 12:29:10.674114562
2739,customer,True,True,2025-12-20 09:16:45.637780587
2740,customer,True,True,2025-12-12 08:51:01.332421860
2741,customer,True,True,2025-05-08 06:12:02.689814276
2742,customer,True,True,2026-02-11 13:11:03.374060119
2743,customer,True,True,2025-05-24 11:25:12.767749482
2744,customer,True,True,2026-01-27 01:58:04.077865794
2745,customer,True,True,2026-04-11 16:42:27.499279557
2746,customer,True,False,2025-10-21 05:19:56.558053235
2747,customer,True,True,2026-01-30 02:07:50.215006889
2748,customer,True,True,2025-10-01 13:13:43.741587985
2749,customer,True,False,2025-08-11 21:37:44.229330086
2750,customer,True,True,2026-05-21 11:57:57.533445067
2751,customer,True,True,2026-01-14 02:08:38.256713728
2752,customer,True,True,2025-10-21 01:27:12.360153220
2753,customer,True,False,2025-04-30 12:32:26.562515672
2754,customer,True,True,2025-06-05 05:48:15.179133857
2755,customer,True,True,2026-03-10 12:21:02.611196911
2756,customer,False,True,2025-12-04 03:47:56.415913708
2757,customer,True,True,2025-07-30 13:39:54.006416842
2758,customer,True,True,2025-12-15 20:12:07.504039034
2759,customer,True,True,2026-02-27 11:47:30.309949188
2760,customer,True,False,2025-11-12 21:21:32.101065312
2761,customer,True,True,2025-08-22 05:29:11.616044318
2762,customer,True,True,2026-03-21 02:45:27.778975062
2763,customer,True,True,2025-07-04 01:51:48.634276346
2764,customer,True,True,2025-10-09 11:31:30.288304762
2765,customer,True,True,2025-06-24 16:32:37.289987221
2766,customer,True,True,2025-11-16 22:24:09.994202105
2767,customer,True,True,2024-07-08 11:46:24.895181332
2768,customer,True,False,2025-08-26 15:37:16.920126864
2769,customer,True,True,2025-05-25 16:52:55.358401625
2770,customer,True,True,2025-07-05 02:53:01.578613166
2771,customer,True,False,2025-12-06 08:50:56.807545661
2772,customer,True,True,2025-09-15 16:08:08.239371994
2773,customer,True,False,2026-02-08 12:50:49.173832502
2774,customer,True,True,2024-08-11 09:48:04.454571289
2775,customer,True,True,2025-08-01 09:41:22.714441812
2776,customer,True,True,2026-03-06 09:59:16.897155533
2777,customer,True,True,2024-11-20 01:18:06.163385821
2778,customer,True,False,2025-11-27 17:37:40.239551764
2779,customer,True,True,2025-04-15 22:58:35.950022248
2780,customer,True,False,2026-05-23 04:15:29.350865823
2781,customer,True,True,2025-01-29 01:52:12.587455670
2782,customer,True,True,2025-08-11 05:42:13.381414229
2783,customer,True,True,2026-03-15 08:34:06.383542959
2784,customer,True,False,2025-08-15 07:40:38.675595801
2785,customer,True,True,2024-09-25 04:30:59.473819651
2786,customer,True,True,2026-02-04 16:10:18.377405573
2787,customer,True,False,2026-02-06 10:15:37.491101309
2788,customer,True,True,2025-12-08 21:32:52.727648940
2789,customer,True,True,2025-10-22 21:11:43.357498510
2790,customer,True,False,2025-03-27 00:22:27.815277021
2791,customer,True,False,2025-07-29 03:56:19.704396288
2792,customer,True,True,2025-12-09 00:59:20.495215519
2793,customer,True,True,2025-09-06 10:24:54.341333082
2794,customer,True,True,2024-07-17 20:58:32.478256946
2795,customer,True,True,2025-06-16 23:14:20.400327019
2796,customer,True,True,2025-11-21 03:11:04.486645920
2797,customer,True,True,2025-12-13 20:56:58.482695665
2798,customer,True,True,2025-09-19 06:34:50.276823500
2799,customer,True,True,2025-03-30 20:33:53.820931041
2800,customer,True,False,2026-02-22 18:11:48.493852331
2801,customer,False,True,2025-05-11 17:13:17.532712820
2802,customer,True,True,2025-11-24 15:24:21.355641942
2803,customer,True,False,2025-10-29 13:56:07.221312894
2804,customer,True,False,2024-02-05 00:00:00.000000000
2805,customer,True,True,2025-06-09 08:02:13.247472126
2806,customer,True,False,2026-01-25 21:02:23.334129373
2807,customer,True,True,2025-08-11 21:54:19.873364075
2808,customer,False,True,2025-03-15 06:02:32.124168952
2809,customer,True,True,2025-06-06 09:05:27.213507341
2810,customer,True,True,2026-06-18 17:00:16.302134993
2811,customer,True,True,2025-11-06 07:37:08.257715337
2812,customer,True,True,2025-08-01 16:55:57.933749111
2813,customer,True,False,2025-08-20 16:50:08.907912258
2814,customer,True,True,2026-01-14 18:23:41.110173413
2815,customer,True,True,2025-06-01 17:37:24.738053636
2816,customer,True,True,2025-01-27 14:09:42.790004877
2817,customer,True,True,2026-05-19 12:41:20.764814088
2818,customer,True,False,2026-05-25 06:52:32.445867340
2819,customer,True,True,2025-08-13 23:04:36.156109717
2820,customer,True,True,2025-05-10 01:20:21.005328011
2821,customer,True,True,2026-02-04 02:51:52.176309927
2822,customer,True,True,2026-06-16 08:03:42.621323519
2823,customer,True,True,2025-11-03 06:02:13.804868190
2824,customer,True,True,2025-08-17 06:59:15.248726218
2825,customer,True,False,2025-12-22 00:55:29.008948769
2826,customer,True,True,2025-03-07 07:50:28.492042059
2827,customer,True,True,2025-08-31 02:08:59.170690894
2828,customer,True,True,2026-02-17 21:10:56.336546309
2829,customer,True,True,2026-02-05 03:09:37.092545759
2830,customer,True,True,2025-10-30 05:23:37.348236514
2831,customer,True,True,2026-01-01 13:00:10.480823050
2832,customer,True,True,2026-05-28 23:36:53.655668272
2833,customer,True,True,2025-09-18 19:52:29.823764520
2834,customer,True,False,2026-02-01 17:03:23.513154763
2835,customer,True,True,2026-01-09 18:42:46.673029875
2836,customer,True,True,2026-04-01 09:06:50.789970288
2837,customer,True,True,2024-09-14 05:32:09.991485955
2838,customer,True,True,2025-06-25 02:14:57.136203710
2839,customer,True,True,2024-05-31 13:31:09.906936238
2840,customer,True,False,2025-12-22 19:42:45.711817454
2841,customer,True,True,2025-06-10 06:51:47.297082612
2842,customer,True,True,2025-09-15 03:31:09.759593381
2843,customer,True,True,2026-02-13 02:12:31.755844328
2844,customer,True,True,2025-12-24 09:58:16.600489888
2845,customer,True,True,2025-06-25 13:46:37.867828898
2846,customer,True,False,2026-04-01 12:24:17.168101255
2847,customer,True,True,2025-03-04 03:01:33.594355728
2848,customer,True,True,2025-10-02 11:01:15.508436232
2849,customer,True,False,2025-04-15 05:26:34.103962511
2850,customer,True,True,2025-08-16 09:13:30.242189793
2851,customer,True,True,2026-05-19 00:45:44.560415123
2852,customer,True,False,2025-11-06 04:14:47.079850624
2853,customer,True,True,2025-02-25 02:02:08.893624520
2854,customer,True,True,2025-10-05 10:32:38.827408131
2855,customer,True,True,2025-11-01 10:47:20.189983048
2856,customer,True,False,2025-10-05 15:15:04.547637168
2857,customer,True,True,2026-06-02 07:09:39.452210960
2858,customer,True,True,2025-01-22 00:46:28.388971952
2859,customer,True,True,2026-06-26 05:42:07.250168503
2860,customer,False,False,2024-11-10 00:24:33.107221138
2861,customer,True,True,2026-01-02 19:56:47.873994663
2862,customer,True,True,2025-07-31 06:21:49.112596242
2863,customer,True,False,2026-06-06 18:57:18.448154341
2864,customer,True,True,2025-05-13 03:26:18.097234190
2865,customer,True,True,2025-06-29 09:47:26.161716331
2866,customer,True,True,2025-07-14 21:00:43.932407979
2867,customer,True,True,2026-06-09 00:24:29.793032715
2868,customer,True,True,2026-03-01 16:20:44.151423965
2869,customer,True,True,2025-08-15 04:09:04.364933611
2870,customer,True,True,2025-01-31 11:07:21.730963501
2871,customer,True,True,2026-03-18 12:53:31.067776666
2872,customer,True,True,2026-03-15 14:31:03.715847913
2873,customer,True,True,2025-08-30 03:45:46.530180769
2874,customer,True,False,2024-02-05 00:00:00.000000000
2875,customer,True,True,2026-02-10 20:27:51.443652422
2876,customer,True,True,2026-01-04 15:33:20.752905632
2877,customer,True,True,2026-01-26 04:56:33.258321140
2878,customer,True,True,2025-11-24 05:42:26.453341956
2879,customer,True,True,2025-01-04 04:00:29.764002860
2880,customer,True,True,2025-11-14 22:11:54.731349393
2881,customer,True,False,2024-02-05 00:00:00.000000000
2882,customer,True,True,2025-10-12 16:34:59.964048829
2883,customer,True,True,2024-11-30 08:02:19.365586858
2884,customer,True,True,2025-12-24 08:51:42.272152120
2885,customer,True,True,2026-04-21 00:06:21.962064284
2886,customer,True,True,2025-11-15 05:17:52.024233158
2887,customer,True,True,2025-07-11 03:39:53.402181411
2888,customer,True,True,2026-02-28 15:28:53.885157851
2889,customer,True,True,2025-01-28 12:20:15.458920115
2890,customer,True,True,2026-01-19 12:02:27.970825713
2891,customer,True,True,2026-04-01 08:10:16.899681778
2892,customer,True,True,2024-02-05 00:00:00.000000000
2893,customer,True,False,2026-03-06 17:16:44.470948982
2894,customer,True,True,2026-01-23 15:40:40.586750847
2895,customer,True,True,2025-05-30 07:59:37.645380566
2896,customer,True,True,2025-12-29 17:44:00.853088044
2897,customer,True,False,2026-03-28 19:36:50.095627532
2898,customer,True,True,2026-02-06 03:37:04.169544462
2899,customer,True,True,2024-04-28 22:45:15.447274987
2900,customer,True,False,2025-07-02 04:18:33.974740521
2901,customer,True,True,2025-05-11 16:52:03.155303327
2902,customer,True,True,2025-09-09 23:46:02.698842355
2903,customer,True,True,2025-08-03 12:10:32.527814048
2904,customer,True,True,2026-01-10 05:45:23.427402411
2905,customer,True,True,2025-10-06 16:26:34.237201252
2906,customer,True,True,2026-06-13 02:58:29.821498306
2907,customer,True,True,2025-03-18 02:49:04.774227937
2908,customer,True,True,2026-01-11 13:53:51.819330881
2909,customer,True,False,2026-04-13 14:48:27.011313988
2910,customer,True,True,2025-09-25 00:37:56.728224259
2911,customer,True,False,2025-12-06 17:15:14.765611047
2912,customer,True,True,2025-03-29 09:46:39.454774545
2913,customer,True,True,2025-11-11 05:45:11.607290848
2914,customer,True,False,2026-02-08 23:31:44.433804692
2915,customer,True,True,2025-11-06 19:41:22.182716136
2916,customer,True,True,2024-10-17 10:49:54.753565184
2917,customer,True,True,2025-03-19 01:04:16.620939760
2918,customer,True,True,2025-07-02 20:19:20.435142268
2919,customer,True,True,2025-03-05 05:26:10.899169377
2920,customer,True,False,2025-06-12 22:42:31.493768429
2921,customer,True,True,2026-03-14 20:04:53.762402056
2922,customer,True,True,2025-05-09 09:08:17.328868760
2923,customer,True,True,2025-01-25 07:38:58.301078551
2924,customer,True,True,2025-01-05 15:24:33.729892140
2925,customer,True,True,2026-04-06 01:37:53.516795999
2926,customer,True,True,2026-01-23 05:56:34.742868545
2927,customer,True,True,2026-02-12 11:59:06.116553065
2928,customer,True,True,2025-12-25 21:16:55.794069233
2929,customer,True,True,2025-07-29 06:14:10.248688917
2930,customer,True,True,2025-09-30 06:42:51.974112079
2931,customer,True,True,2025-09-30 05:15:36.142152722
2932,customer,True,True,2026-04-29 22:41:45.489449112
2933,customer,True,True,2026-01-28 10:13:07.502850034
2934,customer,True,True,2024-12-10 00:13:59.019965723
2935,customer,True,True,2025-01-26 19:41:58.345395588
2936,customer,True,True,2025-11-14 07:06:47.661430888
2937,customer,True,True,2025-05-08 14:17:11.478557409
2938,customer,True,False,2025-08-19 17:38:00.687550713
2939,customer,True,False,2025-04-06 17:58:29.584999241
2940,customer,True,True,2025-04-25 22:40:36.212616696
2941,customer,True,False,2025-10-30 17:23:53.380243430
2942,customer,True,True,2025-07-01 06:23:03.318139001
2943,customer,True,True,2025-08-04 14:33:23.371348807
2944,customer,True,True,2025-10-25 17:04:48.539440071
2945,customer,True,True,2025-12-04 11:14:46.575979253
2946,customer,True,True,2024-07-07 00:47:53.319077212
2947,customer,True,False,2025-10-25 11:21:49.534471101
2948,customer,True,True,2025-05-26 05:29:59.551411540
2949,customer,True,True,2024-08-11 12:22:18.948141694
2950,customer,True,True,2025-07-01 16:37:23.863591949
2951,customer,True,True,2025-07-13 02:23:25.983017875
2952,customer,True,True,2025-10-24 08:42:33.850813827
2953,customer,True,True,2025-07-31 08:14:29.666615753
2954,customer,True,True,2025-12-18 08:39:05.762538611
2955,customer,True,True,2024-02-05 00:00:00.000000000
2956,customer,True,True,2026-04-28 03:07:27.763886548
2957,customer,True,True,2025-11-23 22:18:39.442029524
2958,customer,True,True,2025-06-27 11:25:06.076749009
2959,customer,True,True,2025-07-12 21:01:34.320133016
2960,customer,True,True,2025-12-18 15:15:21.597415935
2961,customer,True,True,2026-05-24 15:47:40.215965419
2962,customer,True,True,2026-04-14 20:20:36.837957944
2963,customer,True,True,2025-09-15 20:53:49.146007782
2964,customer,True,False,2026-06-10 05:49:17.647111431
2965,customer,True,True,2025-06-09 04:12:45.061815647
2966,customer,True,True,2024-12-28 11:12:25.664050717
2967,customer,True,False,2025-04-21 21:18:02.483379588
2968,customer,True,True,2025-02-21 07:31:58.501052501
2969,customer,True,False,2026-06-08 09:17:16.580879163
2970,customer,True,True,2025-12-12 06:08:06.880531569
2971,customer,True,False,2026-03-23 03:19:33.669851711
2972,customer,True,True,2026-05-14 08:08:59.930549112
2973,customer,True,False,2026-01-14 09:22:38.875046785
2974,customer,True,True,2024-08-22 11:35:49.654010942
2975,customer,True,True,2024-04-22 14:40:10.657341918
2976,customer,True,True,2026-03-09 12:49:31.047518197
2977,customer,True,True,2025-10-11 19:47:21.869831619
2978,customer,True,True,2025-08-03 17:29:44.348185850
2979,customer,True,False,2025-12-11 01:33:19.089147638
2980,customer,True,True,2024-12-02 06:39:35.457646430
2981,customer,True,True,2026-01-12 04:09:20.430140634
2982,customer,True,True,2026-02-04 22:08:45.688413924
2983,customer,True,True,2026-03-03 12:33:05.275766869
2984,customer,True,False,2025-12-12 05:25:10.350873288
2985,customer,True,True,2026-07-07 20:44:12.246691209
2986,customer,True,True,2025-12-04 07:56:05.876478759
2987,customer,True,True,2025-09-29 12:03:47.678369694
2988,customer,True,True,2025-09-16 08:56:37.159565139
2989,customer,True,True,2026-03-29 08:01:13.815834857
2990,customer,True,True,2025-09-20 11:01:29.929086648
2991,customer,True,True,2025-09-24 20:20:36.354008907
2992,customer,True,True,2025-09-20 04:46:24.767998767
2993,customer,True,True,2025-04-16 02:34:35.272338612
2994,customer,True,True,2026-04-02 10:50:14.195678692
2995,customer,True,True,2025-12-09 02:02:14.454378909
2996,customer,True,True,2026-05-28 15:16:02.328975944
2997,customer,True,True,2025-05-13 18:40:09.313360096
2998,customer,True,True,2026-03-17 23:19:41.422958317
2999,customer,True,True,2025-02-28 05:07:28.662015081
3000,customer,True,True,2025-02-16 14:28:33.138937324
3001,customer,True,True,2025-11-22 13:44:05.693081352
3002,customer,True,True,2025-12-01 17:42:04.107026999
3003,customer,True,True,2026-05-05 00:03:34.092673353
3004,customer,True,True,2025-10-18 06:26:20.853298035
3005,customer,True,True,2025-04-18 17:31:19.468738609
3006,customer,True,True,2025-08-24 14:06:37.332830302
3007,customer,True,True,2024-10-17 03:33:22.990812244
3008,customer,True,True,2025-12-28 05:28:27.121164408
3009,customer,True,True,2025-12-28 10:22:39.489848236
3010,customer,True,True,2026-03-10 15:50:04.083742128
3011,customer,True,True,2024-02-05 00:00:00.000000000
3012,customer,True,True,2026-05-05 16:39:37.196620503
3013,customer,True,True,2025-05-10 04:59:44.280795141
3014,customer,True,True,2025-04-12 12:17:42.020022944
3015,customer,True,True,2025-04-25 09:59:07.784760181
3016,customer,True,True,2026-03-01 05:30:26.768384741
3017,customer,True,True,2025-11-22 16:07:51.553227093
3018,customer,True,True,2025-06-19 22:31:46.159909246
3019,customer,True,True,2026-02-02 11:50:53.555658352
3020,customer,True,True,2025-12-16 21:33:39.496310246
3021,customer,True,True,2026-01-31 03:38:57.597901875
3022,customer,True,True,2025-10-04 18:54:32.016674175
3023,customer,True,True,2025-10-18 01:27:11.483471454
3024,customer,True,False,2024-08-04 15:35:52.778263094
3025,customer,True,True,2025-06-14 02:50:41.266266864
3026,customer,True,True,2026-04-17 23:42:49.235110961
3027,customer,True,True,2026-04-10 23:56:46.043246637
3028,customer,True,False,2025-05-05 01:48:07.883956291
3029,customer,True,True,2025-10-20 03:56:20.170438916
3030,customer,True,True,2024-02-20 09:04:06.983933592
3031,customer,True,True,2024-02-21 22:58:02.112150476
3032,customer,True,True,2026-03-11 07:04:43.495378865
3033,customer,True,True,2025-08-21 02:25:15.033158605
3034,customer,True,True,2026-04-09 20:47:06.446593698
3035,customer,True,True,2025-05-09 23:52:01.153244534
3036,customer,True,True,2024-05-31 06:12:19.853313725
3037,customer,True,True,2025-09-21 12:53:53.839644127
3038,customer,True,True,2026-01-02 15:44:44.735546786
3039,customer,True,True,2025-07-28 09:09:19.074882750
3040,customer,True,True,2025-03-10 13:37:55.694946297
3041,customer,True,False,2025-03-08 09:09:45.398914448
3042,customer,True,True,2025-12-31 23:12:50.144570445
3043,customer,True,False,2026-02-05 19:17:56.782277336
3044,customer,True,True,2025-09-02 08:18:07.552909461
3045,customer,True,True,2025-12-21 16:29:45.101396467
3046,customer,True,True,2024-12-02 03:19:17.676955854
3047,customer,True,True,2025-12-23 14:04:59.961651667
3048,customer,False,True,2025-10-06 18:14:25.275183977
3049,customer,True,True,2025-08-03 10:11:25.362381584
3050,customer,True,True,2026-05-03 00:09:50.016204415
3051,customer,True,True,2026-01-25 14:49:19.702007611
3052,customer,True,False,2024-03-15 17:38:54.374208222
3053,customer,True,True,2025-03-24 05:30:22.862004532
3054,customer,True,True,2025-12-25 16:41:07.559419082
3055,customer,True,True,2025-05-08 19:21:02.900658272
3056,customer,True,True,2024-12-08 10:29:53.931783005
3057,customer,True,True,2025-11-30 20:36:08.137038770
3058,customer,True,True,2025-04-08 06:03:45.656426950
3059,customer,True,True,2025-05-21 01:55:16.417899486
3060,customer,True,False,2026-04-08 08:40:56.711348830
3061,customer,True,True,2025-11-29 21:52:20.249441907
3062,customer,True,True,2024-07-23 15:13:05.779837402
3063,customer,True,True,2024-03-31 01:49:12.619559874
3064,customer,True,True,2025-03-21 14:58:46.205043356
3065,customer,True,True,2026-01-30 06:09:27.687187308
3066,customer,True,True,2026-06-21 20:42:51.035504294
3067,customer,True,True,2026-02-17 04:27:52.942385526
3068,customer,True,False,2026-04-20 15:02:53.042975843
3069,customer,True,True,2024-06-19 09:49:37.716687541
3070,customer,True,False,2026-05-30 00:14:02.060582603
3071,customer,False,True,2026-04-05 18:52:22.676792356
3072,customer,True,True,2025-09-06 22:13:03.674601077
3073,customer,True,True,2025-10-21 12:54:35.508303496
3074,customer,True,True,2024-08-15 07:58:01.888305200
3075,customer,True,False,2025-06-07 11:12:35.272201692
3076,customer,True,True,2025-11-17 05:38:00.590708150
3077,customer,True,True,2024-11-25 02:09:08.499203232
3078,customer,True,False,2025-12-30 03:36:13.195667621
3079,customer,True,True,2024-07-09 17:25:34.811284184
3080,customer,True,True,2026-03-05 17:38:37.918702151
3081,customer,True,True,2025-10-28 15:12:29.750175484
3082,customer,True,True,2026-06-15 21:18:34.566565027
3083,customer,True,True,2025-03-05 01:20:41.566113373
3084,customer,True,True,2025-09-19 07:58:52.702328632
3085,customer,True,True,2024-07-08 11:10:02.885561637
3086,customer,True,True,2025-12-06 03:14:07.473714729
3087,customer,True,True,2026-05-04 03:00:13.989729431
3088,customer,True,True,2025-07-12 01:05:35.849678684
3089,customer,True,True,2026-01-21 12:04:48.166509879
3090,customer,True,True,2025-04-20 11:29:05.589136994
3091,customer,True,True,2026-03-03 07:21:43.492962935
3092,customer,True,True,2024-09-29 08:22:21.914201609
3093,customer,True,True,2025-10-06 21:42:41.791710071
3094,customer,True,False,2025-11-16 12:48:35.125735992
3095,customer,True,True,2024-10-27 06:52:43.885639313
3096,customer,True,True,2025-02-28 04:07:15.863685341
3097,customer,False,False,2026-02-14 23:32:50.296674889
3098,customer,True,True,2025-03-09 17:40:22.963600906
3099,customer,True,True,2025-05-14 08:47:55.362793247
3100,customer,True,True,2025-11-06 06:20:03.659773909
3101,customer,True,True,2025-04-04 19:03:04.642908777
3102,customer,True,False,2024-10-01 05:26:46.953002922
3103,customer,True,True,2025-10-31 17:22:50.991152235
3104,customer,True,False,2025-10-31 01:48:29.117723271
3105,customer,True,True,2025-11-10 08:49:10.370390126
3106,customer,True,True,2026-02-20 01:20:28.775287519
3107,customer,True,True,2025-11-02 16:39:31.631056339
3108,customer,True,False,2025-11-23 07:16:43.802313359
3109,customer,True,False,2025-12-03 11:30:57.057938926
3110,customer,True,True,2025-12-06 00:50:21.601698553
3111,customer,True,False,2026-04-06 00:56:50.547647092
3112,customer,True,True,2025-01-25 15:25:43.989516659
3113,customer,True,True,2026-01-25 20:07:36.709813108
3114,customer,True,True,2024-09-07 12:15:58.421211132
3115,customer,True,False,2026-03-16 05:40:44.676294292
3116,customer,True,True,2024-05-30 13:57:01.668323244
3117,customer,True,True,2025-12-22 14:06:16.864307957
3118,customer,True,False,2025-03-05 18:21:21.762141728
3119,customer,False,True,2025-09-21 09:44:11.904038394
3120,customer,True,True,2026-04-18 16:54:49.002349545
3121,customer,True,True,2026-04-14 02:55:11.990106987
3122,customer,True,True,2026-02-06 06:07:03.942212379
3123,customer,True,True,2025-12-31 13:11:13.926219438
3124,customer,True,True,2025-10-25 16:20:33.263111985
3125,customer,True,False,2025-08-05 18:24:10.843253692
3126,customer,True,True,2025-11-19 12:36:57.391574311
3127,customer,True,True,2025-08-18 12:44:09.030099141
3128,customer,True,False,2025-07-10 22:49:24.475028512
3129,customer,True,True,2025-11-27 10:28:27.822157102
3130,customer,True,False,2025-05-19 01:36:54.517374651
3131,customer,True,True,2025-03-15 07:14:09.719867481
3132,customer,True,False,2025-07-04 09:50:41.636826367
3133,customer,True,True,2025-06-19 14:42:39.314822222
3134,customer,True,True,2025-09-07 23:13:30.509510112
3135,customer,True,True,2024-12-25 19:48:39.924695241
3136,customer,True,False,2025-10-21 04:57:49.694284970
3137,customer,True,False,2026-02-03 20:58:02.130819264
3138,customer,True,True,2025-10-15 08:58:38.549564815
3139,customer,True,True,2026-04-17 05:11:58.836998383
3140,customer,True,True,2026-04-27 09:01:46.285167836
3141,customer,True,True,2025-03-13 18:09:19.646594341
3142,customer,True,False,2024-08-31 10:45:27.172770792
3143,customer,True,True,2025-12-17 14:24:18.985649962
3144,customer,True,True,2025-03-10 15:47:26.873268075
3145,customer,True,False,2026-06-05 13:29:13.094611075
3146,customer,True,True,2025-07-03 14:19:11.512596427
3147,customer,True,True,2025-10-20 09:58:56.736434848
3148,customer,True,True,2024-06-20 10:08:14.856017914
3149,customer,True,True,2025-11-16 08:11:23.053980740
3150,customer,True,True,2026-03-24 02:17:10.805446165
3151,customer,True,True,2026-05-08 00:51:36.052813259
3152,customer,True,True,2025-10-15 12:40:46.584369832
3153,customer,True,True,2025-09-08 09:45:23.971994030
3154,customer,True,True,2025-11-27 05:49:04.154014834
3155,customer,True,True,2025-03-03 09:02:19.266696030
3156,customer,True,True,2024-10-17 08:38:49.909249197
3157,customer,True,True,2025-12-19 08:41:47.968555074
3158,customer,True,True,2026-05-27 04:17:58.948666210
3159,customer,True,True,2025-08-17 04:27:17.380113662
3160,customer,True,True,2024-12-18 10:09:43.481701294
3161,customer,True,True,2025-12-18 15:30:59.178782207
3162,customer,True,True,2025-06-19 15:49:16.377037361
3163,customer,True,True,2026-03-31 11:10:12.641771013
3164,customer,True,True,2025-08-22 19:09:18.686212414
3165,customer,True,True,2025-06-14 18:34:10.094058060
3166,customer,True,True,2025-08-16 08:18:21.852460754
3167,customer,True,True,2024-02-13 22:15:46.390990669
3168,customer,True,True,2024-09-05 18:01:08.234175438
3169,customer,True,False,2025-05-01 21:27:03.359882290
3170,customer,True,True,2025-01-22 04:43:45.774730863
3171,customer,True,True,2025-08-24 09:22:08.532431700
3172,customer,True,True,2025-10-28 23:19:27.444196434
3173,customer,True,True,2026-01-04 11:43:44.108458292
3174,customer,True,True,2026-04-02 12:48:49.274397867
3175,customer,True,False,2024-08-16 13:47:01.657432269
3176,customer,True,True,2024-02-05 00:00:00.000000000
3177,customer,True,True,2025-10-10 18:14:43.957396490
3178,customer,True,False,2025-10-07 06:53:21.495474598
3179,customer,True,True,2025-06-03 12:53:30.383154030
3180,customer,True,True,2025-11-15 12:31:10.950906813
3181,customer,True,True,2026-03-21 04:04:44.535802446
3182,customer,True,True,2026-04-19 18:18:32.030264143
3183,customer,True,False,2024-02-12 04:05:15.706573230
3184,customer,True,True,2026-05-18 18:48:14.917092794
3185,customer,True,False,2025-08-07 11:31:13.113503614
3186,customer,True,True,2026-05-10 08:26:20.509647096
3187,customer,True,True,2025-11-06 13:52:17.801407206
3188,customer,True,True,2025-12-20 04:08:22.459501012
3189,customer,True,True,2026-04-28 19:51:32.747232171
3190,customer,True,True,2025-05-24 21:35:22.989335427
3191,customer,True,True,2026-03-28 08:22:37.587315245
3192,customer,True,True,2026-05-08 20:42:35.840540310
3193,customer,True,True,2025-04-23 16:06:23.813423839
3194,customer,True,False,2025-12-19 11:10:24.459007011
3195,customer,True,True,2026-02-18 02:23:17.435847305
3196,customer,True,True,2025-04-05 04:13:13.398788177
3197,customer,True,True,2026-04-02 07:46:07.528801141
3198,customer,True,True,2026-05-25 14:30:03.577050741
3199,customer,True,False,2024-11-13 13:18:05.575012509
3200,customer,True,False,2024-04-29 12:51:37.388714274
3201,customer,True,True,2025-11-11 11:43:10.068503624
3202,customer,True,True,2026-07-12 23:46:23.713757884
3203,customer,True,True,2025-11-13 22:12:07.577258884
3204,customer,True,True,2025-03-18 07:27:41.309036125
3205,customer,True,True,2024-12-22 19:10:33.225766548
3206,customer,True,True,2026-03-22 07:12:16.352914237
3207,customer,True,False,2025-12-11 13:32:59.957359204
3208,customer,True,True,2025-08-25 22:46:59.280988086
3209,customer,True,True,2025-04-05 18:24:37.357773907
3210,customer,True,True,2025-05-08 07:12:29.781624932
3211,customer,True,False,2025-06-23 02:16:03.365787139
3212,customer,True,True,2024-12-23 18:17:10.526623890
3213,customer,True,True,2025-10-29 06:08:09.945003256
3214,customer,True,False,2024-08-12 11:23:52.592854206
3215,customer,True,True,2026-01-21 04:11:35.718098692
3216,customer,True,True,2025-05-03 17:18:51.160671712
3217,customer,True,True,2025-12-31 12:36:10.261897120
3218,customer,True,True,2025-11-08 19:07:43.379506128
3219,customer,True,True,2025-10-10 04:46:04.913163846
3220,customer,True,True,2026-01-09 02:17:15.937125055
3221,customer,True,False,2024-12-07 12:01:26.696024432
3222,customer,True,True,2025-12-24 00:36:16.706187032
3223,customer,True,True,2025-10-20 11:15:26.156078548
3224,customer,True,True,2025-06-06 17:08:32.019654846
3225,customer,True,True,2024-02-05 00:00:00.000000000
3226,customer,True,True,2025-05-27 16:11:18.978174880
3227,customer,True,True,2025-10-03 01:59:23.121638466
3228,customer,True,True,2026-06-04 03:05:00.179174530
3229,customer,True,True,2025-11-13 16:30:40.017061248
3230,customer,True,True,2026-02-03 13:37:52.008708147
3231,customer,True,True,2025-12-13 17:52:38.792234496
3232,customer,True,True,2026-01-03 16:45:55.504743959
3233,customer,True,True,2025-06-09 10:50:31.878636568
3234,customer,True,True,2025-11-17 12:33:24.364847549
3235,customer,True,False,2026-03-05 18:07:42.809252224
3236,customer,True,True,2025-03-04 19:21:58.298266659
3237,customer,True,True,2026-04-12 02:40:28.865345967
3238,customer,True,True,2025-10-12 10:30:47.781215306
3239,customer,True,True,2025-11-12 09:11:53.799042777
3240,customer,True,False,2025-07-31 12:09:42.879364054
3241,customer,True,True,2024-12-19 21:08:01.834608524
3242,customer,True,True,2024-02-05 00:00:00.000000000
3243,customer,True,True,2025-10-03 05:13:35.316429148
3244,customer,True,True,2026-02-05 16:54:19.386121032
3245,customer,True,False,2026-02-18 00:20:08.854131040
3246,customer,True,False,2026-02-18 13:55:38.167620923
3247,customer,True,True,2025-08-09 07:58:53.706017370
3248,customer,True,True,2026-06-15 03:39:14.303585204
3249,customer,True,True,2026-04-17 10:03:20.008832251
3250,customer,True,True,2025-08-09 02:41:41.700654312
3251,customer,True,True,2025-02-16 08:34:56.282698779
3252,customer,True,False,2025-02-14 08:15:16.658546807
3253,customer,True,True,2025-09-23 11:21:29.210042719
3254,customer,True,True,2025-03-31 09:45:49.907267295
3255,customer,True,True,2024-12-13 08:25:40.968530712
3256,customer,True,False,2025-12-26 09:08:56.749454811
3257,customer,True,False,2025-01-20 08:50:11.484722959
3258,customer,True,True,2026-05-14 11:38:38.592511973
3259,customer,True,True,2026-04-19 19:08:26.616448548
3260,customer,True,True,2025-12-16 23:12:52.786563282
3261,customer,True,True,2026-05-22 18:45:37.710880042
3262,customer,True,False,2025-06-04 23:34:10.943798230
3263,customer,True,False,2026-01-18 02:49:22.817654959
3264,customer,True,True,2025-11-10 10:38:44.275094135
3265,customer,True,True,2025-11-03 14:31:46.626458146
3266,customer,True,True,2025-12-21 00:41:14.391228146
3267,customer,True,False,2026-02-19 08:39:03.124935015
3268,customer,True,True,2025-06-18 03:54:04.871544397
3269,customer,True,False,2026-01-21 02:53:50.890938139
3270,customer,True,True,2025-11-06 02:04:32.331427076
3271,customer,True,False,2025-07-29 01:37:23.345937313
3272,customer,True,True,2024-12-16 11:26:16.870308974
3273,customer,True,True,2025-01-14 21:24:18.872338007
3274,customer,True,True,2026-01-08 11:05:11.270170073
3275,customer,True,True,2026-02-25 16:14:48.310196024
3276,customer,True,True,2024-09-30 09:33:00.642097769
3277,customer,True,False,2026-01-21 21:19:51.339305050
3278,customer,True,True,2025-06-28 21:19:15.452195460
3279,customer,True,False,2026-05-26 00:00:24.747584184
3280,customer,True,True,2026-06-16 07:05:56.968745983
3281,customer,True,True,2025-10-03 10:04:52.794604972
3282,customer,True,False,2025-11-30 20:20:27.774592311
3283,customer,True,True,2025-04-21 13:06:59.266799839
3284,customer,True,False,2026-02-17 22:01:17.011932854
3285,customer,True,False,2025-08-16 07:27:01.833848125
3286,customer,True,True,2025-05-07 13:29:25.604721445
3287,customer,True,True,2026-02-12 22:13:43.819069622
3288,customer,True,True,2025-12-17 03:40:44.453859284
3289,customer,True,True,2026-04-02 22:43:12.146314533
3290,customer,True,True,2025-04-10 16:07:31.891095069
3291,customer,True,False,2025-06-14 16:51:52.373623496
3292,customer,True,True,2025-05-25 09:13:48.268877601
3293,customer,True,True,2025-12-01 13:11:41.845382002
3294,customer,True,False,2025-06-19 07:23:37.408298292
3295,customer,True,True,2025-11-16 04:05:44.157072285
3296,customer,True,False,2024-07-20 04:32:09.961725256
3297,customer,True,True,2025-10-19 18:13:48.436539436
3298,customer,True,True,2025-02-04 10:56:58.486359048
3299,customer,True,True,2025-11-30 14:12:06.800872859
3300,customer,True,True,2024-10-24 11:14:04.466185443
3301,customer,True,True,2026-02-25 23:34:49.936118834
3302,customer,True,True,2025-07-17 13:24:32.970448628
3303,customer,True,False,2026-02-02 03:31:38.770651739
3304,customer,True,True,2025-08-26 07:43:12.490001628
3305,customer,True,True,2026-01-21 04:56:30.291001950
3306,customer,True,True,2025-10-20 12:47:11.322573467
3307,customer,True,True,2025-12-31 11:43:41.695702885
3308,customer,True,True,2025-05-17 21:25:38.388176890
3309,customer,True,True,2025-07-07 01:04:30.628042580
3310,customer,True,False,2026-02-06 19:25:09.390126703
3311,customer,True,False,2026-02-10 11:55:05.492077165
3312,customer,True,False,2026-03-08 01:23:38.322463782
3313,customer,True,True,2026-03-29 06:03:57.899367309
3314,customer,True,True,2025-04-28 12:17:49.635671594
3315,customer,True,True,2026-03-14 07:13:50.391132805
3316,customer,True,True,2025-08-07 02:39:59.384641902
3317,customer,True,True,2026-01-13 10:21:52.516921407
3318,customer,True,False,2025-02-14 10:14:06.741786999
3319,customer,True,True,2024-03-29 00:58:09.571691413
3320,customer,True,True,2026-07-13 18:05:28.061830778
3321,customer,True,True,2026-02-27 11:21:34.622829790
3322,customer,True,False,2026-01-15 19:16:18.465361822
3323,customer,True,True,2025-11-25 14:42:16.357530589
3324,customer,True,True,2025-12-06 05:41:54.827782170
3325,customer,True,True,2026-04-20 23:45:57.120993614
3326,customer,True,True,2024-03-18 03:43:54.835646120
3327,customer,True,False,2025-11-30 01:38:36.830123647
3328,customer,True,True,2025-07-08 04:29:06.907447139
3329,customer,True,True,2025-06-30 07:17:18.482166713
3330,customer,True,True,2026-05-09 01:50:17.176183075
3331,customer,True,True,2025-12-22 16:32:07.212193596
3332,customer,True,True,2025-04-28 12:43:41.030334708
3333,customer,True,False,2024-09-28 07:56:49.512418608
3334,customer,True,False,2025-12-19 08:00:33.364243757
3335,customer,True,True,2026-04-25 13:54:10.749151063
3336,customer,True,True,2026-01-27 20:18:08.428705463
3337,customer,True,True,2025-12-26 04:40:36.173629535
3338,customer,True,True,2026-01-01 01:24:11.032829396
3339,customer,True,True,2026-03-07 22:27:33.112633346
3340,customer,True,True,2026-05-04 00:17:42.874948050
3341,customer,True,False,2026-04-03 20:48:34.289795538
3342,customer,True,True,2026-01-26 15:54:44.762926554
3343,customer,True,True,2025-05-03 11:09:18.971497320
3344,customer,True,False,2025-01-08 09:36:42.329853738
3345,customer,True,True,2025-09-28 19:33:28.669772273
3346,customer,True,True,2026-04-01 03:29:11.123978255
3347,customer,True,True,2026-01-18 17:55:23.734658563
3348,customer,True,True,2026-06-14 07:16:28.807422183
3349,customer,True,True,2024-09-20 04:59:05.599648456
3350,customer,True,True,2026-02-09 09:05:06.065257232
3351,customer,True,True,2025-07-29 11:24:51.343980599
3352,customer,True,True,2025-02-02 14:43:56.668320218
3353,customer,True,True,2024-05-23 13:40:21.028501347
3354,customer,True,True,2025-03-31 18:28:37.342494025
3355,customer,True,True,2026-01-02 00:17:26.390944597
3356,customer,False,True,2025-06-26 08:22:30.648323367
3357,customer,True,True,2024-06-10 21:54:18.650905509
3358,customer,True,True,2026-02-10 14:23:55.350259464
3359,customer,True,True,2026-05-07 18:10:42.448208489
3360,customer,True,True,2026-03-07 01:00:45.824231074
3361,customer,True,True,2025-07-13 19:36:58.225759177
3362,customer,True,True,2025-12-29 01:53:01.774058784
3363,customer,True,False,2025-11-07 14:45:10.369553945
3364,customer,True,True,2025-05-31 15:38:00.566325675
3365,customer,True,True,2026-03-09 13:23:17.178900683
3366,customer,True,True,2025-11-16 17:10:23.231483426
3367,customer,True,True,2026-01-21 05:18:44.980484714
3368,customer,True,True,2024-06-30 11:24:07.773926297
3369,customer,True,True,2025-04-10 13:11:10.412677375
3370,customer,True,True,2025-12-28 00:06:11.471094144
3371,customer,True,False,2026-01-05 16:07:11.426657397
3372,customer,True,True,2024-05-07 01:36:25.459444708
3373,customer,True,True,2024-06-17 11:27:50.159233400
3374,customer,True,True,2025-07-15 11:47:31.032080483
3375,customer,True,True,2025-10-29 22:25:53.413078271
3376,customer,True,True,2026-04-19 10:28:54.272880593
3377,customer,True,True,2026-03-06 00:42:38.846071855
3378,customer,True,True,2026-04-25 19:38:09.541913620
3379,customer,True,True,2025-01-19 16:13:57.609243745
3380,customer,True,True,2026-04-18 02:24:01.696540568
3381,customer,True,True,2026-01-07 14:20:49.248126592
3382,customer,True,True,2026-06-05 13:56:10.260544333
3383,customer,True,True,2026-05-14 20:10:35.746498172
3384,customer,True,True,2025-05-18 20:28:38.129944487
3385,customer,True,False,2025-08-22 13:20:34.981476441
3386,customer,True,True,2025-10-23 00:03:02.931084038
3387,customer,True,False,2026-01-04 19:36:40.089377169
3388,customer,True,True,2026-05-23 07:15:47.584281321
3389,customer,True,True,2026-01-24 17:31:33.466611810
3390,customer,True,True,2025-11-27 12:39:06.109224662
3391,customer,True,True,2025-06-07 03:49:11.649075603
3392,customer,True,True,2025-02-08 05:32:59.963645084
3393,customer,True,True,2025-05-09 20:06:13.455491697
3394,customer,True,True,2025-08-23 22:33:47.940491483
3395,customer,True,True,2025-10-25 23:46:11.694935808
3396,customer,True,True,2025-09-15 09:32:09.728564260
3397,customer,True,True,2026-02-02 23:13:26.994663460
3398,customer,True,True,2025-10-09 04:30:11.736087624
3399,customer,True,False,2025-11-28 12:42:34.913451344
3400,customer,True,True,2024-02-05 00:00:00.000000000
3401,customer,True,True,2025-09-09 20:56:23.068658415
3402,customer,True,True,2026-06-17 20:43:10.809883414
3403,customer,True,True,2026-01-12 20:13:55.860098160
3404,customer,True,False,2025-12-17 08:40:32.834055395
3405,customer,True,True,2025-03-31 02:52:10.703513367
3406,customer,True,True,2025-08-12 12:45:33.534041412
3407,customer,True,True,2025-08-24 09:38:06.980741751
3408,customer,True,True,2024-11-05 18:53:31.276275055
3409,customer,True,True,2024-06-15 05:15:31.701068315
3410,customer,True,True,2025-05-19 06:36:35.786239915
3411,customer,True,True,2026-01-01 11:26:49.650467790
3412,customer,True,True,2025-12-27 19:35:22.499156936
3413,customer,True,False,2024-12-26 15:34:17.379244025
3414,customer,True,True,2025-12-28 07:01:35.469746078
3415,customer,True,True,2025-11-08 00:07:19.753762152
3416,customer,True,True,2026-01-15 23:42:26.457220029
3417,customer,True,True,2026-04-02 20:08:36.724589345
3418,customer,True,True,2024-02-05 00:00:00.000000000
3419,customer,True,True,2025-11-06 17:44:21.903412177
3420,customer,True,True,2024-09-09 05:36:20.164469709
3421,customer,True,True,2025-12-26 04:00:00.820259494
3422,customer,True,True,2026-02-09 10:51:50.601901225
3423,customer,True,True,2025-06-12 06:59:20.473062922
3424,customer,True,True,2025-02-09 16:59:51.925343744
3425,customer,True,True,2025-01-18 10:40:46.058163500
3426,customer,True,True,2025-11-29 20:41:48.231145142
3427,customer,True,False,2025-05-14 17:47:24.597251440
3428,customer,True,True,2026-01-26 02:28:13.643737686
3429,customer,True,True,2025-10-11 18:52:59.336989499
3430,customer,True,False,2025-12-16 09:00:04.463722685
3431,customer,True,True,2026-01-09 13:25:39.595996448
3432,customer,True,False,2025-10-03 08:31:20.253517387
3433,customer,True,False,2026-04-05 09:00:04.494040748
3434,customer,True,True,2025-03-09 16:20:11.947946640
3435,customer,True,False,2026-01-08 22:49:39.222719187
3436,customer,True,True,2025-03-25 01:55:44.455785932
3437,customer,True,True,2026-03-15 21:21:05.533140341
3438,customer,True,False,2026-01-09 11:20:14.880751919
3439,customer,True,False,2026-04-05 16:39:35.346023543
3440,customer,True,True,2026-04-09 05:11:24.484320410
3441,customer,True,True,2026-03-01 07:24:32.969534343
3442,customer,True,True,2026-03-14 05:06:05.371322968
3443,customer,True,False,2026-04-04 21:34:47.079441224
3444,customer,True,True,2025-10-25 10:14:13.503127128
3445,customer,True,True,2025-06-17 13:59:54.483165261
3446,customer,False,True,2025-06-03 12:18:05.119417737
3447,customer,True,True,2026-05-27 20:51:39.451567079
3448,customer,True,False,2025-12-17 09:51:57.641372024
3449,customer,True,True,2026-01-02 06:54:21.369742877
3450,customer,True,True,2024-10-29 15:16:07.344730684
3451,customer,True,True,2025-12-11 02:56:21.590987312
3452,customer,True,True,2025-11-10 09:32:58.826832265
3453,customer,True,True,2026-05-06 01:31:15.714247023
3454,customer,True,True,2026-03-04 08:53:50.294471324
3455,customer,True,True,2026-05-10 12:30:30.845167154
3456,customer,True,False,2025-10-12 22:27:36.067426203
3457,customer,True,True,2024-10-16 18:03:05.436733044
3458,customer,True,True,2026-02-28 08:45:33.303946450
3459,customer,True,True,2025-12-09 18:57:16.375039667
3460,customer,True,False,2026-03-13 12:46:31.996896330
3461,customer,True,True,2026-02-05 22:41:49.036874206
3462,customer,True,True,2025-10-08 17:27:47.820025777
3463,customer,True,False,2024-04-02 19:11:05.404808182
3464,customer,True,False,2024-11-05 23:56:14.877238670
3465,customer,True,True,2024-07-10 04:30:48.793465610
3466,customer,True,True,2025-03-22 05:53:13.314887621
3467,customer,True,True,2025-12-11 23:45:30.492892564
3468,customer,True,True,2026-01-03 02:34:10.040853084
3469,customer,True,True,2026-02-27 15:43:51.416053914
3470,customer,True,True,2026-07-03 21:10:27.014084441
3471,customer,True,True,2025-12-14 14:39:07.662475415
3472,customer,True,True,2024-10-10 21:29:50.010508453
3473,customer,True,False,2024-10-15 14:38:18.856333603
3474,customer,True,True,2024-02-05 00:00:00.000000000
3475,customer,True,False,2025-09-23 13:46:35.101385294
3476,customer,True,True,2026-04-19 12:33:13.953808046
3477,customer,True,True,2025-07-05 03:18:07.122124239
3478,customer,True,True,2024-03-28 01:15:44.035341377
3479,customer,True,True,2024-08-17 01:05:36.755698123
3480,customer,True,True,2026-01-20 04:23:48.831699633
3481,customer,True,True,2026-04-11 09:45:29.707861899
3482,customer,True,True,2026-04-13 21:54:30.734015959
3483,customer,True,True,2026-02-20 01:42:30.608463312
3484,customer,True,True,2026-02-01 04:21:32.522466471
3485,customer,True,True,2025-12-24 05:00:53.266227486
3486,customer,True,True,2025-05-31 14:21:36.793166599
3487,customer,True,True,2025-12-29 14:33:06.638176861
3488,customer,True,True,2025-10-20 20:09:09.918316622
3489,customer,True,True,2026-05-15 07:46:44.517034555
3490,customer,True,True,2026-02-27 12:06:29.821948998
3491,customer,True,False,2026-03-04 21:06:06.665635518
3492,customer,True,True,2026-05-26 03:38:04.128641143
3493,customer,True,True,2026-01-02 11:17:31.701151752
3494,customer,True,True,2026-05-14 20:11:15.294739696
3495,customer,True,True,2026-01-13 02:47:02.442800936
3496,customer,True,True,2025-10-05 12:36:44.792670730
3497,customer,True,True,2024-10-03 19:43:55.627024089
3498,customer,True,True,2026-03-10 15:26:55.493098890
3499,customer,True,False,2025-10-11 05:17:31.079245278
3500,customer,True,True,2026-02-11 12:08:00.952991080
3501,customer,True,True,2026-05-18 11:26:25.510630572
3502,customer,True,False,2024-09-28 22:46:06.227235339
3503,customer,True,True,2025-09-26 03:35:13.266480063
3504,customer,True,True,2025-07-18 07:04:02.866926939
3505,customer,True,True,2024-07-21 11:57:27.448526034
3506,customer,True,True,2026-01-13 19:56:41.817952862
3507,customer,True,False,2026-04-23 19:09:02.612909434
3508,customer,True,True,2026-03-12 05:29:07.974450759
3509,customer,True,True,2026-05-01 03:58:31.667300735
3510,customer,True,True,2025-01-21 03:21:32.574830648
3511,customer,True,True,2024-03-07 07:51:32.615228592
3512,customer,True,True,2025-10-07 17:43:48.167818038
3513,customer,True,True,2025-05-23 17:11:59.113087847
3514,customer,True,True,2025-03-08 16:51:07.705310049
3515,customer,True,True,2024-06-20 10:20:12.471222063
3516,customer,True,False,2024-03-29 23:24:42.468017766
3517,customer,True,False,2026-06-08 05:49:31.028217143
3518,customer,True,False,2026-02-07 20:24:16.564430906
3519,customer,True,True,2025-10-30 12:11:43.164104448
3520,customer,True,True,2026-02-23 11:23:43.896309562
3521,customer,True,False,2025-12-20 03:59:07.368432432
3522,customer,True,True,2025-08-03 11:01:30.113103337
3523,customer,True,True,2025-08-10 00:13:32.853614094
3524,customer,True,True,2025-03-19 08:07:12.095266780
3525,customer,True,False,2025-10-26 05:21:35.565680339
3526,customer,True,False,2026-07-01 02:48:40.417133383
3527,customer,True,True,2026-01-02 11:16:36.129150633
3528,customer,True,True,2025-08-26 20:43:23.855666708
3529,customer,True,False,2025-02-24 06:04:06.514138068
3530,customer,True,True,2025-04-12 19:39:59.711632454
3531,customer,True,True,2025-11-21 00:36:01.737565319
3532,customer,True,True,2026-02-16 07:31:46.631370130
3533,customer,True,True,2025-11-12 15:29:52.427387110
3534,customer,True,False,2026-05-31 14:49:20.171422154
3535,customer,True,True,2026-02-03 22:06:22.720431344
3536,customer,True,True,2024-12-23 14:07:17.589839088
3537,customer,True,True,2025-11-13 04:56:08.513783351
3538,customer,True,True,2025-08-17 02:14:32.757775726
3539,customer,True,False,2026-05-04 09:30:51.079272181
3540,customer,True,True,2025-02-26 12:57:12.067313504
3541,customer,True,True,2025-11-30 02:02:47.987163010
3542,customer,True,True,2025-08-25 00:10:12.178076091
3543,customer,True,True,2025-07-04 22:25:14.319609324
3544,customer,True,False,2025-03-10 19:17:44.974259466
3545,customer,True,True,2025-09-28 10:23:33.327658545
3546,customer,True,True,2025-11-26 00:08:47.677078436
3547,customer,True,False,2026-04-17 03:42:10.899454110
3548,customer,True,True,2026-05-11 04:12:15.847429041
3549,customer,True,True,2025-10-02 14:53:50.938811636
3550,customer,True,True,2025-08-23 12:14:53.360308577
3551,customer,True,False,2025-07-15 22:06:04.623985576
3552,customer,True,True,2026-03-09 22:44:21.170854404
3553,customer,True,True,2026-02-02 16:21:25.802320807
3554,customer,True,True,2025-10-06 07:57:47.185840294
3555,customer,True,True,2026-01-16 13:30:40.408675209
3556,customer,True,True,2024-02-05 00:00:00.000000000
3557,customer,True,True,2026-02-05 12:34:30.731417072
3558,customer,True,True,2025-08-07 13:57:44.588047087
3559,customer,True,True,2025-04-22 01:41:22.424041704
3560,customer,True,True,2025-04-03 08:50:43.075935082
3561,customer,True,True,2026-01-19 02:03:32.486206701
3562,customer,True,True,2025-07-03 16:00:01.176454112
3563,customer,True,False,2025-08-04 08:05:45.526301584
3564,customer,True,True,2025-06-22 10:04:42.795106934
3565,customer,True,False,2025-10-09 00:54:40.694343460
3566,customer,True,False,2025-04-19 21:33:48.489500728
3567,customer,True,False,2025-09-14 13:14:01.449366110
3568,customer,True,True,2026-04-27 08:56:12.494963429
3569,customer,True,True,2025-09-21 00:50:02.029016104
3570,customer,True,True,2025-08-26 14:37:56.881384793
3571,customer,True,True,2025-05-10 23:38:55.856550282
3572,customer,True,True,2025-10-02 08:56:31.223546382
3573,customer,True,True,2024-06-08 16:55:34.485074775
3574,customer,True,True,2025-11-19 20:02:26.051171606
3575,customer,True,True,2026-01-26 09:33:35.061358753
3576,customer,True,True,2024-11-04 18:59:25.080700704
3577,customer,True,False,2025-11-24 16:39:50.308204594
3578,customer,True,True,2025-10-21 07:05:20.220902451
3579,customer,True,True,2025-08-26 12:19:31.886526689
3580,customer,True,True,2025-09-14 09:12:40.206582090
3581,customer,True,True,2025-06-24 13:01:16.998345918
3582,customer,True,False,2025-05-27 22:35:46.766774346
3583,customer,True,True,2026-02-07 14:22:06.387461565
3584,customer,True,True,2026-04-09 18:24:42.472671895
3585,customer,True,True,2026-03-29 15:42:05.416822904
3586,customer,True,True,2024-12-18 11:29:27.960677037
3587,customer,True,False,2025-12-09 00:39:19.470981387
3588,customer,True,False,2025-04-24 18:31:23.158257163
3589,customer,True,True,2025-05-20 07:27:07.028757360
3590,customer,True,True,2025-10-21 08:04:40.191482845
3591,customer,True,True,2026-03-11 14:39:07.011001521
3592,customer,True,True,2025-05-13 09:12:00.543936874
3593,customer,True,True,2025-10-27 23:21:51.186651748
3594,customer,True,True,2026-04-15 12:24:04.868229854
3595,customer,True,True,2026-01-15 08:33:27.968986913
3596,customer,True,False,2026-05-16 18:32:22.339053295
3597,customer,True,True,2026-01-08 11:14:10.930540607
3598,customer,True,True,2025-10-11 03:28:53.946894479
3599,customer,True,True,2025-11-17 00:06:50.107575960
3600,customer,True,False,2025-12-08 02:45:45.911423097
3601,customer,True,True,2025-10-13 05:24:25.499024580
3602,customer,True,True,2025-07-10 07:25:27.370409641
3603,customer,False,True,2025-03-31 17:53:00.530550822
3604,customer,True,True,2025-02-17 04:34:50.083754866
3605,customer,True,True,2026-02-22 01:15:18.223264999
3606,customer,True,True,2025-01-14 18:08:16.457331794
3607,customer,True,True,2025-10-27 16:10:48.500297389
3608,customer,True,True,2025-12-26 05:59:00.401653585
3609,customer,True,True,2026-03-26 15:09:32.989701099
3610,customer,True,True,2026-07-03 09:53:30.236616814
3611,customer,True,True,2025-07-27 20:28:42.641494920
3612,customer,True,True,2025-08-06 04:46:53.580175652
3613,customer,True,True,2026-01-28 07:22:22.262505114
3614,customer,True,False,2026-01-24 06:41:36.442804892
3615,customer,True,True,2025-11-23 13:15:19.256303886
3616,customer,True,True,2025-12-28 22:30:40.511652034
3617,customer,True,True,2026-02-27 12:47:06.925415208
3618,customer,True,True,2026-04-06 12:29:28.854990108
3619,customer,True,True,2025-01-10 18:15:01.989753486
3620,customer,True,True,2026-01-16 02:12:00.489737192
3621,customer,True,True,2025-08-07 13:02:12.976889200
3622,customer,True,True,2025-06-21 06:11:32.769304256
3623,customer,True,True,2025-07-26 15:50:00.870846741
3624,customer,True,True,2025-06-06 20:42:54.948752905
3625,customer,True,True,2025-07-29 09:10:28.862511206
3626,customer,True,True,2026-02-10 00:55:42.267538771
3627,customer,True,True,2025-12-20 04:16:21.164861246
3628,customer,True,True,2025-01-20 09:35:32.387496818
3629,customer,True,True,2026-01-20 05:53:22.532613300
3630,customer,True,True,2025-10-27 09:36:50.708225388
3631,customer,True,False,2025-07-09 04:38:40.009600110
3632,customer,True,True,2024-09-11 14:51:33.051236406
3633,customer,True,True,2025-02-20 14:42:37.070835132
3634,customer,True,False,2026-03-15 23:29:43.225150926
3635,customer,True,False,2025-08-15 01:27:51.810066723
3636,customer,True,True,2025-09-10 11:32:58.824575339
3637,customer,True,False,2025-12-18 19:05:27.691868202
3638,customer,True,True,2025-10-21 19:07:43.366447416
3639,customer,True,False,2026-02-11 06:55:38.331699540
3640,customer,True,True,2025-11-26 16:47:36.718978039
3641,customer,True,True,2026-01-18 22:35:43.695143287
3642,customer,True,False,2025-10-07 02:02:41.259547954
3643,customer,True,True,2025-12-24 15:16:52.941036490
3644,customer,True,False,2024-08-09 18:16:04.617492523
3645,customer,True,True,2025-09-30 09:00:53.210495394
3646,customer,True,True,2025-11-07 16:09:24.314510089
3647,customer,True,False,2025-12-05 19:42:55.935368223
3648,customer,True,True,2025-12-24 05:12:56.163063151
3649,customer,True,False,2026-04-15 11:54:03.559914781
3650,customer,True,False,2025-04-25 11:29:04.825692096
3651,customer,True,True,2024-11-04 05:12:03.674089207
3652,customer,True,True,2026-01-21 01:42:47.828992119
3653,customer,True,True,2025-01-22 05:32:06.079404840
3654,customer,True,True,2024-02-05 00:00:00.000000000
3655,customer,True,True,2024-03-26 12:18:51.950120291
3656,customer,True,True,2024-11-21 18:14:11.254021734
3657,customer,True,True,2026-04-04 13:29:27.829994710
3658,customer,True,True,2026-04-05 15:20:02.387510382
3659,customer,True,True,2025-06-08 04:19:41.610281022
3660,customer,True,True,2025-10-25 12:31:15.599807991
3661,customer,True,True,2026-06-11 06:21:23.369181676
3662,customer,True,True,2026-01-04 21:56:51.922721867
3663,customer,True,True,2025-06-20 01:13:59.449782078
3664,customer,True,True,2025-11-24 05:09:08.694842415
3665,customer,True,True,2025-10-24 14:04:33.113981165
3666,customer,True,False,2026-04-05 18:37:27.415559278
3667,customer,True,True,2026-01-06 19:36:53.413084449
3668,customer,True,True,2025-06-07 00:52:56.655074168
3669,customer,True,False,2026-01-13 22:41:22.603891278
3670,customer,True,False,2024-12-24 23:01:24.858569185
3671,customer,True,True,2025-10-20 05:49:44.418317846
3672,customer,True,False,2025-07-28 18:09:36.460521110
3673,customer,True,True,2025-06-13 03:02:59.548179941
3674,customer,True,True,2025-06-23 17:06:31.565701685
3675,customer,True,True,2026-03-18 23:30:00.259697978
3676,customer,True,True,2026-02-28 08:54:23.190056712
3677,customer,True,False,2026-06-12 02:31:28.866955201
3678,customer,True,False,2025-12-20 17:27:01.774275838
3679,customer,True,False,2026-03-08 21:38:38.185703348
3680,customer,True,True,2026-01-18 04:12:41.955918659
3681,customer,True,True,2025-12-04 09:05:29.950732289
3682,customer,True,True,2025-09-24 20:06:15.500603129
3683,customer,True,True,2025-11-21 15:02:28.294957413
3684,customer,True,True,2025-11-24 19:21:55.387905504
3685,customer,True,False,2025-08-16 14:04:06.471903836
3686,customer,True,True,2025-11-01 20:16:00.953404280
3687,customer,True,True,2025-04-03 18:53:17.021506160
3688,customer,True,False,2025-11-01 06:09:30.118851407
3689,customer,True,True,2024-09-08 23:34:31.823356703
3690,customer,True,True,2026-03-23 01:42:19.915658496
3691,customer,True,True,2025-12-23 12:00:46.421724845
3692,customer,True,True,2026-02-09 00:11:35.019342076
3693,customer,True,True,2025-09-16 19:44:22.498722672
3694,customer,True,True,2026-03-23 03:15:34.855901687
3695,customer,True,True,2026-05-03 16:57:08.669616253
3696,customer,True,True,2026-03-03 18:33:04.561637294
3697,customer,True,True,2026-04-28 12:32:11.438671503
3698,customer,True,True,2025-12-02 04:26:03.150155723
3699,customer,True,True,2025-09-25 10:19:37.374895031
3700,customer,True,True,2026-05-14 04:12:39.536350344
3701,customer,True,True,2026-01-01 23:34:34.986618840
3702,customer,True,True,2025-02-21 12:09:42.021268457
3703,customer,True,True,2024-11-16 15:43:59.698488749
3704,customer,True,True,2025-05-16 14:42:00.128113955
3705,customer,True,False,2026-06-27 10:51:21.356929245
3706,customer,True,True,2025-10-13 18:39:02.371554104
3707,customer,True,True,2025-01-13 18:52:06.832759881
3708,customer,True,True,2026-01-16 16:35:43.551142403
3709,customer,True,True,2026-04-14 01:00:16.456128172
3710,customer,True,True,2025-02-09 01:55:37.756901062
3711,customer,True,True,2024-12-21 01:55:09.425558623
3712,customer,True,False,2025-11-03 04:24:32.506184448
3713,customer,True,True,2026-04-13 05:53:13.008553924
3714,customer,True,True,2026-05-22 04:18:51.571343912
3715,customer,True,True,2025-08-26 10:18:35.276652476
3716,customer,True,False,2026-02-07 22:41:50.172644023
3717,customer,True,False,2025-11-14 13:41:30.587104511
3718,customer,True,True,2025-12-03 01:46:40.269395998
3719,customer,True,True,2026-03-09 15:47:44.446809812
3720,customer,True,False,2026-05-25 08:23:01.066538755
3721,customer,True,False,2026-01-12 23:45:11.609356767
3722,customer,True,True,2025-10-06 03:02:00.707962768
3723,customer,True,False,2025-09-26 18:04:31.473155355
3724,customer,True,True,2026-02-15 22:12:18.265507725
3725,customer,True,True,2024-12-28 13:00:37.305286555
3726,customer,True,True,2026-04-04 13:31:49.643519705
3727,customer,True,True,2025-03-19 09:01:34.510497868
3728,customer,True,True,2025-10-12 10:59:05.888411253
3729,customer,True,True,2026-01-11 17:51:48.755572376
3730,customer,True,True,2025-07-28 04:22:31.192698288
3731,customer,True,True,2025-12-12 20:32:58.884271726
3732,customer,True,True,2026-05-04 15:05:41.735196612
3733,customer,True,True,2026-04-11 03:07:53.739117074
3734,customer,True,True,2025-12-23 01:51:49.236779705
3735,customer,True,True,2026-01-30 02:17:09.934590472
3736,customer,True,True,2025-03-26 14:27:51.379261042
3737,customer,False,True,2026-02-05 01:40:24.635715189
3738,customer,True,True,2026-02-12 19:50:29.831641789
3739,customer,True,True,2026-02-28 10:47:18.944643074
3740,customer,True,False,2026-03-09 21:35:31.236400306
3741,customer,True,True,2026-03-06 09:40:51.287782429
3742,customer,True,True,2026-04-23 20:26:28.056125012
3743,customer,True,True,2025-10-04 04:53:24.172206424
3744,customer,True,True,2025-11-29 07:31:25.061706561
3745,customer,True,False,2025-12-06 05:50:45.314269011
3746,customer,True,True,2026-05-18 14:46:51.347421869
3747,customer,True,True,2025-08-17 14:16:19.873756647
3748,customer,True,True,2025-07-25 18:06:55.575536585
3749,customer,True,True,2024-09-29 14:30:45.366928359
3750,customer,True,True,2025-08-07 14:42:43.014199194
3751,customer,True,True,2024-07-06 18:52:43.250559871
3752,customer,True,True,2026-02-18 18:05:37.010726736
3753,customer,True,True,2024-09-07 01:53:06.228052786
3754,customer,True,True,2025-07-31 01:47:44.349548687
3755,customer,True,False,2025-08-29 10:22:40.690423627
3756,customer,True,False,2025-12-10 09:01:22.128879142
3757,customer,True,True,2026-01-12 07:25:13.043038377
3758,customer,True,True,2026-02-09 15:17:23.544136793
3759,customer,True,True,2024-08-23 09:09:35.203840869
3760,customer,True,True,2025-12-15 11:09:55.684775279
3761,customer,True,False,2025-07-26 19:26:54.572749236
3762,customer,True,True,2025-06-03 12:37:10.771102592
3763,customer,True,True,2025-06-07 08:44:10.823511817
3764,customer,True,True,2025-10-03 06:58:14.719136860
3765,customer,True,True,2024-09-15 00:51:12.520001333
3766,customer,True,True,2025-08-14 10:39:47.584239489
3767,customer,True,False,2026-02-12 18:44:17.929917419
3768,customer,True,True,2026-01-05 16:12:14.709874113
3769,customer,True,True,2026-05-15 02:50:23.555569621
3770,customer,True,False,2025-09-11 08:46:10.112704297
3771,customer,True,True,2025-07-06 15:14:26.183203852
3772,customer,False,True,2025-06-14 19:21:47.339020806
3773,customer,True,True,2025-07-31 01:41:17.731926416
3774,customer,True,True,2025-12-09 19:37:33.768289074
3775,customer,True,True,2025-11-08 22:22:46.654354517
3776,customer,True,True,2025-11-08 09:49:13.830989633
3777,customer,True,True,2025-03-25 12:10:20.046408773
3778,customer,True,True,2026-06-07 02:06:29.897773938
3779,customer,True,True,2026-01-21 19:58:03.918430612
3780,customer,True,False,2026-03-30 01:00:23.486982768
3781,customer,True,True,2024-03-25 01:06:31.041105144
3782,customer,True,True,2025-01-22 10:19:51.961653040
3783,customer,True,True,2026-01-16 01:41:25.633032104
3784,customer,True,True,2026-05-01 21:28:38.877921161
3785,customer,True,True,2026-04-10 21:04:26.000893946
3786,customer,True,True,2025-03-29 17:12:31.802626921
3787,customer,True,True,2026-05-17 00:13:46.954259896
3788,customer,True,False,2025-11-06 00:32:09.546689807
3789,customer,True,True,2025-05-18 05:56:11.010643363
3790,customer,True,False,2026-04-19 05:34:14.284664190
3791,customer,True,True,2025-11-07 23:01:33.867635287
3792,customer,True,True,2026-01-13 17:56:29.632940397
3793,customer,True,True,2026-01-31 18:08:20.204772784
3794,customer,True,True,2026-02-22 04:09:28.474420004
3795,customer,True,True,2025-04-24 23:57:56.160424582
3796,customer,True,True,2024-11-09 03:52:35.509068334
3797,customer,True,True,2025-12-22 09:56:29.857604600
3798,customer,True,False,2025-08-28 11:30:20.258275084
3799,customer,False,False,2025-11-03 19:17:46.154182180
3800,customer,True,True,2026-05-31 18:10:06.501087541
3801,customer,True,False,2025-12-28 10:53:27.563304023
3802,customer,True,True,2026-06-10 12:33:34.838360413
3803,customer,True,True,2026-01-25 09:48:18.813468894
3804,customer,True,True,2025-11-12 21:47:24.074800104
3805,customer,True,True,2025-06-09 10:25:13.414128312
3806,customer,True,True,2025-09-17 02:13:56.013620446
3807,customer,True,True,2025-04-17 09:49:31.918404666
3808,customer,True,False,2026-03-12 16:17:51.326552611
3809,customer,True,True,2024-12-28 02:28:39.119133810
3810,customer,True,True,2024-11-08 17:55:27.693777055
3811,customer,True,True,2026-06-12 18:17:26.609534852
3812,customer,True,True,2026-05-20 14:58:44.666150768
3813,customer,True,True,2025-11-17 01:40:34.236155283
3814,customer,True,True,2026-02-04 07:26:15.875614784
3815,customer,True,True,2026-01-14 23:37:53.850542785
3816,customer,True,True,2025-09-18 23:50:25.202479670
3817,customer,True,True,2025-04-05 12:56:53.978675090
3818,customer,True,True,2026-03-18 05:17:50.688988230
3819,customer,True,True,2025-02-13 10:47:02.826778172
3820,customer,True,True,2026-02-24 06:32:21.571131478
3821,customer,True,False,2024-02-05 00:00:00.000000000
3822,customer,True,True,2024-12-25 11:44:27.453965499
3823,customer,True,True,2026-02-12 05:41:20.812148342
3824,customer,True,True,2026-04-30 05:32:24.685472282
3825,customer,True,True,2026-02-15 01:48:26.161137216
3826,customer,True,True,2026-03-03 11:04:47.471882258
3827,customer,True,True,2025-07-12 01:43:04.536404182
3828,customer,True,False,2026-06-11 15:55:02.421818461
3829,customer,True,True,2026-05-19 20:53:36.288157707
3830,customer,True,True,2025-07-19 02:06:46.167561386
3831,customer,True,True,2026-03-08 04:44:44.697589697
3832,customer,True,True,2026-01-23 16:03:27.611090404
3833,customer,True,True,2025-05-19 12:21:25.783297667
3834,customer,True,True,2025-03-22 21:41:46.191776609
3835,customer,True,True,2025-01-11 22:45:53.897565356
3836,customer,True,True,2025-06-11 16:16:57.526469700
3837,customer,True,True,2025-12-15 05:03:19.583849904
3838,customer,True,True,2025-12-28 06:23:23.604796577
3839,customer,True,True,2026-01-14 12:21:00.002585647
3840,customer,True,False,2026-04-18 22:03:03.320313190
3841,customer,True,False,2026-03-22 08:22:25.355238891
3842,customer,True,True,2025-02-26 13:44:58.472817528
3843,customer,True,True,2026-02-25 02:23:12.801268067
3844,customer,True,True,2026-04-18 09:27:11.693317283
3845,customer,True,False,2025-01-30 06:07:08.669955916
3846,customer,True,True,2025-10-01 15:38:31.307970918
3847,customer,True,True,2024-08-13 19:49:23.334970006
3848,customer,True,True,2024-09-29 15:13:50.978623815
3849,customer,True,False,2026-04-11 00:53:52.958992065
3850,customer,True,True,2025-11-28 12:25:57.395446611
3851,customer,True,False,2026-03-29 17:53:01.655066496
3852,customer,True,True,2026-03-30 13:52:47.090381627
3853,customer,True,True,2026-01-18 13:56:02.124655665
3854,customer,True,True,2025-07-04 19:04:26.806335062
3855,customer,True,True,2025-07-03 07:03:33.429932056
3856,customer,True,True,2025-08-03 05:10:37.952626026
3857,customer,True,True,2025-12-15 16:47:56.306635838
3858,customer,True,True,2025-06-19 15:35:54.838617862
3859,customer,True,True,2026-04-19 14:58:06.004413990
3860,customer,True,True,2025-09-28 09:43:31.717015905
3861,customer,True,True,2025-11-07 04:30:32.256870426
3862,customer,True,True,2025-12-25 03:39:43.517778308
3863,customer,True,True,2025-09-20 11:53:07.913533854
3864,customer,True,True,2026-06-15 14:46:33.412001639
3865,customer,True,False,2026-03-27 20:43:09.032845253
3866,customer,True,False,2025-07-24 21:23:26.727607885
3867,customer,True,True,2025-11-11 21:06:09.772271312
3868,customer,True,True,2026-05-14 00:41:39.164845532
3869,customer,True,False,2025-11-15 23:00:23.201007869
3870,customer,True,True,2026-02-03 00:16:45.233283867
3871,customer,True,True,2025-02-18 07:37:58.064724892
3872,customer,True,True,2026-04-13 13:23:30.517236805
3873,customer,True,True,2026-04-10 10:45:01.453109340
3874,customer,True,True,2025-08-24 14:04:13.333955270
3875,customer,True,False,2025-12-09 07:20:35.212276839
3876,customer,True,True,2025-12-17 01:51:03.992715536
3877,customer,True,True,2024-02-05 00:00:00.000000000
3878,customer,True,True,2025-06-26 01:14:55.437425647
3879,customer,True,True,2026-01-05 19:41:48.783826024
3880,customer,True,True,2026-05-22 03:35:39.501788759
3881,customer,True,False,2026-01-14 01:01:49.608610047
3882,customer,True,True,2026-04-22 05:46:06.064746672
3883,customer,True,True,2026-03-21 14:24:29.730262464
3884,customer,True,False,2026-03-18 04:25:01.829946412
3885,customer,True,True,2025-03-16 17:00:48.583083180
3886,customer,True,True,2026-05-08 11:04:24.322452940
3887,customer,True,True,2025-04-17 07:21:12.542422657
3888,customer,True,True,2025-08-14 06:44:04.579093698
3889,customer,True,False,2025-08-17 16:32:26.766357605
3890,customer,True,True,2026-03-25 15:55:32.698100586
3891,customer,True,True,2025-05-26 16:17:33.158216055
3892,customer,True,False,2026-04-05 23:45:15.857000603
3893,customer,True,False,2024-11-02 11:12:28.625731114
3894,customer,True,True,2025-03-09 04:20:10.058976960
3895,customer,True,False,2024-08-25 06:00:49.860810075
3896,customer,True,True,2025-11-06 05:38:11.163217805
3897,customer,True,True,2025-12-09 10:07:55.405124300
3898,customer,True,True,2026-01-17 21:37:24.900535310
3899,customer,True,True,2024-02-05 00:00:00.000000000
3900,customer,True,True,2025-07-07 01:49:40.446394922
3901,customer,True,True,2026-04-21 07:49:39.383071660
3902,customer,True,True,2024-12-18 03:34:06.376364176
3903,customer,True,True,2025-12-15 15:23:59.837600334
3904,customer,True,True,2026-07-04 22:22:07.922986182
3905,customer,True,True,2026-03-03 20:43:45.373645261
3906,customer,True,False,2025-03-09 09:32:54.387981480
3907,customer,True,True,2025-08-13 11:48:25.138379716
3908,customer,True,False,2025-06-27 15:05:00.574448983
3909,customer,True,True,2024-12-21 19:21:25.976441008
3910,customer,True,True,2026-06-01 03:02:24.079421700
3911,customer,True,True,2026-03-02 11:38:56.818569941
3912,customer,True,True,2025-11-02 02:16:32.133122648
3913,customer,True,True,2025-02-27 17:07:12.862306601
3914,customer,True,True,2026-04-06 12:11:25.781565455
3915,customer,True,True,2026-01-06 16:58:37.177628768
3916,customer,True,True,2025-11-13 20:20:31.452507929
3917,customer,True,True,2026-03-08 02:04:49.859234225
3918,customer,True,True,2025-11-15 21:11:57.052566114
3919,customer,True,True,2025-12-10 05:28:06.903795787
3920,customer,True,True,2026-02-06 05:01:57.054841476
3921,customer,True,True,2025-05-27 09:21:08.121954186
3922,customer,True,True,2025-07-15 10:28:09.147654993
3923,customer,False,True,2025-05-14 22:20:45.551405182
3924,customer,True,True,2025-04-19 13:34:42.802272074
3925,customer,True,True,2024-09-18 10:29:23.428677656
3926,customer,True,True,2026-05-16 12:59:26.095005765
3927,customer,True,True,2026-05-09 02:49:10.725244352
3928,customer,True,False,2025-06-19 20:07:56.734471877
3929,customer,True,True,2026-01-25 02:23:15.951815451
3930,customer,True,True,2026-02-11 01:36:25.878895566
3931,customer,True,True,2026-03-01 14:47:36.929124537
3932,customer,True,True,2025-05-04 21:56:06.347794946
3933,customer,True,True,2024-02-27 13:28:02.770282287
3934,customer,True,True,2025-04-21 03:40:35.345762772
3935,customer,True,True,2026-01-31 05:45:43.509792840
3936,customer,True,True,2025-05-19 15:57:50.775693244
3937,customer,True,True,2026-05-11 06:39:19.557436079
3938,customer,True,True,2025-12-21 14:48:28.027306104
3939,customer,True,True,2026-06-01 01:16:21.603293311
3940,customer,True,True,2026-01-24 20:13:17.491991549
3941,customer,True,False,2025-10-12 11:21:25.557531051
3942,customer,True,True,2024-02-05 00:00:00.000000000
3943,customer,True,True,2025-01-31 23:46:46.874829576
3944,customer,True,True,2026-05-30 22:58:04.251395183
3945,customer,True,False,2026-05-25 15:00:13.478148049
3946,customer,True,True,2026-03-07 07:52:37.761271004
3947,customer,True,True,2024-06-30 02:33:17.580044788
3948,customer,True,False,2026-05-28 10:07:02.872785470
3949,customer,True,True,2026-02-28 17:26:57.505058829
3950,customer,True,True,2026-03-01 08:15:48.256763040
3951,customer,True,False,2025-08-25 00:05:27.975402517
3952,customer,True,False,2025-05-12 09:23:58.051050208
3953,customer,True,True,2025-07-12 22:53:30.498929031
3954,customer,True,True,2025-09-25 09:28:12.925832529
3955,customer,True,True,2026-05-14 02:15:50.014373133
3956,customer,True,True,2025-10-27 12:23:49.551010017
3957,customer,True,True,2024-12-11 03:36:51.457147932
3958,customer,True,True,2024-08-04 04:53:34.179330515
3959,customer,True,True,2025-08-31 02:33:30.993165130
3960,customer,True,True,2026-05-30 10:17:13.908583223
3961,customer,True,False,2025-08-27 06:23:29.386935336
3962,customer,True,False,2025-12-10 17:52:55.569663236
3963,customer,True,True,2026-05-21 13:01:02.848299422
3964,customer,True,True,2026-04-11 21:20:36.119373726
3965,customer,True,True,2026-03-25 17:03:51.251073852
3966,customer,True,True,2025-06-18 21:50:47.712237251
3967,customer,True,True,2024-08-23 11:41:43.415137231
3968,customer,True,True,2025-07-29 05:37:04.437938767
3969,customer,True,True,2025-06-10 08:02:24.448230569
3970,customer,True,True,2025-11-28 23:35:14.903913938
3971,customer,True,True,2026-02-13 01:30:50.880943628
3972,customer,True,False,2025-07-22 12:03:23.080148914
3973,customer,True,True,2025-09-22 14:23:14.267598885
3974,customer,True,True,2026-03-16 05:58:23.511061650
3975,customer,True,True,2025-10-06 16:11:03.772983072
3976,customer,True,False,2025-11-17 13:34:34.389136261
3977,customer,True,True,2026-01-07 21:04:30.534256491
3978,customer,True,True,2026-02-17 11:54:42.373604785
3979,customer,True,True,2025-08-31 07:32:54.873747943
3980,customer,True,True,2026-02-09 07:34:24.770047037
3981,customer,True,True,2024-02-26 19:45:39.058404365
3982,customer,True,False,2025-08-06 10:31:47.714471225
3983,customer,True,True,2025-08-27 12:31:36.928515386
3984,customer,True,True,2025-12-17 05:37:28.580781893
3985,customer,True,True,2026-01-20 18:45:55.064071167
3986,customer,True,True,2026-06-11 15:32:50.502876726
3987,customer,True,True,2026-03-09 00:26:13.392628703
3988,customer,True,True,2026-05-31 15:37:57.342654973
3989,customer,True,False,2026-06-01 09:22:14.005145966
3990,customer,True,True,2026-04-25 01:39:32.562486536
3991,customer,True,True,2025-01-19 17:23:17.290254889
3992,customer,True,False,2025-01-21 11:02:29.231589025
3993,customer,True,True,2026-03-06 08:54:38.983814712
3994,customer,True,True,2026-05-15 16:51:11.278178059
3995,customer,True,False,2026-01-27 03:04:52.762161389
3996,customer,True,True,2025-06-21 15:10:46.580617120
3997,customer,True,True,2025-04-01 14:15:30.238289782
3998,customer,True,False,2025-10-09 14:31:14.842201121
3999,customer,True,True,2025-09-03 03:37:55.177724574
4000,customer,True,True,2025-09-24 16:07:48.753141091
4001,customer,True,True,2026-05-27 16:48:41.876050542
4002,customer,True,True,2026-05-09 01:16:49.401189501
4003,customer,True,True,2024-08-04 23:51:57.785165753
4004,customer,True,True,2025-10-10 13:30:30.865524812
4005,customer,True,True,2026-06-22 04:51:07.629407761
4006,customer,True,False,2025-08-20 13:24:51.232116822
4007,customer,True,True,2026-03-30 12:24:34.287561977
4008,customer,True,True,2025-03-07 00:58:47.622622553
4009,customer,True,True,2025-04-10 23:57:02.791026844
4010,customer,True,True,2025-07-06 09:18:06.250048785
4011,customer,True,True,2025-10-12 21:10:58.061534466
4012,customer,True,True,2024-12-15 20:08:09.326242585
4013,customer,True,True,2024-11-06 21:20:13.367640584
4014,customer,True,False,2026-03-27 22:36:28.581024998
4015,customer,True,True,2025-07-09 05:07:47.446632236
4016,customer,True,True,2026-02-16 02:16:33.795892532
4017,customer,True,False,2026-04-11 03:22:35.385274702
4018,customer,True,True,2024-11-07 05:45:05.415771445
4019,customer,True,True,2025-05-28 08:46:52.492915869
4020,customer,True,True,2025-09-26 01:49:04.233463571
4021,customer,True,True,2026-03-18 02:08:44.940299301
4022,customer,True,True,2024-10-26 07:57:42.855069134
4023,customer,True,False,2026-03-31 22:44:57.627518194
4024,customer,True,True,2026-04-22 03:52:38.221505933
4025,customer,True,False,2025-11-17 00:33:30.311253660
4026,customer,True,True,2025-06-21 16:24:18.453914586
4027,customer,True,True,2026-01-13 07:57:52.075397621
4028,customer,True,True,2024-02-05 00:00:00.000000000
4029,customer,True,True,2025-10-16 03:13:28.181188356
4030,customer,True,True,2026-02-16 14:53:30.540235759
4031,customer,True,True,2026-02-02 03:58:38.595751960
4032,customer,True,True,2024-06-13 17:06:05.176555578
4033,customer,True,True,2025-12-03 21:15:09.582979505
4034,customer,True,True,2024-11-21 07:35:15.601546666
4035,customer,True,True,2026-06-03 07:58:56.204039459
4036,customer,True,True,2025-02-28 06:53:09.438225836
4037,customer,True,True,2026-03-12 18:48:49.091219612
4038,customer,True,True,2025-05-21 11:47:17.128950594
4039,customer,True,True,2026-03-13 16:59:18.201912729
4040,customer,True,True,2026-01-23 09:36:26.454595896
4041,customer,True,True,2026-04-13 19:55:07.271058890
4042,customer,True,True,2025-05-15 22:42:38.980869103
4043,customer,True,True,2025-03-30 12:48:44.520733034
4044,customer,True,False,2026-03-09 03:45:57.966881472
4045,customer,True,True,2026-05-20 03:21:19.817874147
4046,customer,True,True,2024-11-26 23:20:05.899339813
4047,customer,True,True,2026-02-23 09:15:41.189353756
4048,customer,True,True,2025-12-12 19:42:54.445072171
4049,customer,True,True,2026-03-28 19:57:35.193130491
4050,customer,True,True,2025-06-12 17:53:03.314379014
4051,customer,True,True,2025-06-05 20:01:17.049853316
4052,customer,True,True,2024-09-22 09:48:38.584710147
4053,customer,True,True,2025-02-18 09:19:45.606468248
4054,customer,True,True,2025-03-13 20:18:10.237881330
4055,customer,True,True,2025-11-27 06:26:53.795036023
4056,customer,True,False,2025-12-18 13:44:31.750545411
4057,customer,True,False,2025-06-16 13:48:41.729258221
4058,customer,True,True,2025-12-07 01:43:22.639401783
4059,customer,True,True,2025-02-06 14:38:24.727577641
4060,customer,True,True,2026-04-04 02:15:56.885560028
4061,customer,True,True,2026-06-04 09:38:00.187323850
4062,customer,True,True,2025-07-18 04:09:25.453514929
4063,customer,True,True,2026-02-07 20:49:17.549939165
4064,customer,True,True,2026-04-18 07:08:53.433509586
4065,customer,True,True,2024-02-05 00:00:00.000000000
4066,customer,True,True,2025-11-10 15:40:18.490485723
4067,customer,True,True,2026-05-07 05:03:05.449731783
4068,customer,True,True,2026-02-23 06:41:45.232389981
4069,customer,True,False,2026-01-01 05:53:32.290375258
4070,customer,True,True,2025-07-23 10:28:56.586094456
4071,customer,True,True,2026-02-22 15:32:39.514080008
4072,customer,True,True,2025-12-10 07:16:52.314957970
4073,customer,True,True,2025-09-18 16:17:19.676152617
4074,customer,True,True,2025-08-08 05:45:38.765666584
4075,customer,True,True,2025-11-27 21:03:34.391046595
4076,customer,True,True,2024-06-21 12:50:33.023485761
4077,customer,True,True,2025-06-09 19:20:38.662349833
4078,customer,True,False,2025-06-25 01:51:16.556277154
4079,customer,True,False,2025-07-04 20:17:38.623322104
4080,customer,True,True,2025-02-03 21:33:51.327450700
4081,customer,True,True,2025-10-03 02:48:18.520190329
4082,customer,True,True,2026-04-05 16:06:34.419216226
4083,customer,True,False,2025-08-19 17:57:35.361552615
4084,customer,True,True,2025-07-20 12:57:51.980703374
4085,customer,True,True,2024-12-10 12:25:47.294954274
4086,customer,True,False,2026-04-15 01:19:13.338287081
4087,customer,True,True,2026-03-23 15:56:00.025021554
4088,customer,True,True,2025-11-04 13:33:56.507161081
4089,customer,True,True,2025-06-27 08:07:25.386595246
4090,customer,True,True,2026-04-30 19:49:47.145305989
4091,customer,True,True,2026-04-12 14:55:15.249742200
4092,customer,True,True,2025-04-23 17:12:59.823491582
4093,customer,True,True,2026-04-27 14:40:18.568934674
4094,customer,True,False,2026-03-22 05:11:30.965294398
4095,customer,True,True,2025-04-04 05:44:27.018217597
4096,customer,True,True,2025-07-01 05:38:11.982609485
4097,customer,True,True,2026-02-21 08:50:44.284091692
4098,customer,True,True,2025-07-31 06:29:45.333757073
4099,customer,True,True,2025-09-15 07:10:45.274718041
4100,customer,True,True,2025-12-04 17:21:15.005675126
4101,customer,True,True,2026-01-17 00:22:29.202751180
4102,customer,True,False,2025-08-09 22:45:32.728718281
4103,customer,True,True,2026-04-20 11:50:47.325520741
4104,customer,True,True,2025-08-12 16:53:58.267001055
4105,customer,True,True,2025-10-05 09:58:32.805901923
4106,customer,True,True,2025-09-20 08:44:18.984948127
4107,customer,True,False,2026-03-26 18:30:31.057236568
4108,customer,True,True,2024-11-30 19:55:08.810681947
4109,customer,True,True,2026-02-20 22:36:26.871089631
4110,customer,True,True,2026-02-01 01:39:54.930534956
4111,customer,True,True,2025-12-11 11:21:16.094595684
4112,customer,True,True,2025-07-01 20:22:09.263951709
4113,customer,True,True,2025-09-26 20:03:45.120990310
4114,customer,True,True,2026-05-22 11:05:48.810069154
4115,customer,True,True,2025-11-13 07:44:24.543409595
4116,customer,True,True,2025-10-28 19:00:39.939752742
4117,customer,True,True,2024-11-21 07:47:05.412660749
4118,customer,True,True,2026-01-03 19:13:41.170216357
4119,customer,True,True,2025-07-24 11:04:09.729482590
4120,customer,True,True,2024-02-05 00:00:00.000000000
4121,customer,True,True,2025-01-27 04:01:24.623709678
4122,customer,True,True,2026-04-01 07:04:41.732287850
4123,customer,True,True,2025-05-27 11:04:01.167219244
4124,customer,True,True,2025-08-11 16:43:22.139279651
4125,customer,True,True,2026-01-08 20:15:09.283212447
4126,customer,True,True,2025-05-24 03:42:54.472742761
4127,customer,True,True,2026-04-02 18:03:44.500677910
4128,customer,True,True,2026-02-18 10:04:10.480836988
4129,customer,True,True,2025-12-09 16:36:57.034138326
4130,customer,True,True,2026-01-15 18:07:21.613232531
4131,customer,True,True,2025-06-23 14:54:47.157036959
4132,customer,True,True,2025-11-18 08:33:00.606731654
4133,customer,True,True,2026-01-30 03:24:00.927258757
4134,customer,True,False,2025-02-02 00:56:00.933199135
4135,customer,True,True,2025-07-03 15:57:41.373092924
4136,customer,True,False,2026-05-10 03:36:18.395407861
4137,customer,True,True,2026-05-11 12:22:54.097726040
4138,customer,True,True,2026-01-29 04:06:08.963918695
4139,customer,True,True,2026-05-01 06:52:02.218188559
4140,customer,True,True,2025-03-29 05:49:07.416409118
4141,customer,True,True,2026-02-12 10:46:45.739353274
4142,customer,True,True,2025-07-24 18:33:39.264058553
4143,customer,True,False,2025-05-31 09:53:28.964656205
4144,customer,True,True,2026-06-11 03:33:45.572714937
4145,customer,True,False,2026-02-06 13:14:45.061815051
4146,customer,True,False,2025-12-17 07:24:49.034862317
4147,customer,True,True,2025-09-17 10:33:27.118820915
4148,customer,True,True,2025-04-16 00:15:08.242869860
4149,customer,True,True,2024-02-05 00:00:00.000000000
4150,customer,True,False,2024-08-08 10:51:21.709090072
4151,customer,True,True,2025-11-20 12:10:45.758360952
4152,customer,True,True,2025-11-22 15:13:55.988515304
4153,customer,True,True,2024-09-24 19:12:11.968318400
4154,customer,True,True,2025-11-10 14:46:09.042353493
4155,customer,True,False,2026-02-09 12:30:48.307135041
4156,customer,False,True,2025-03-24 00:14:03.452808210
4157,customer,True,True,2025-09-06 20:58:13.717505416
4158,customer,True,True,2026-05-12 14:14:35.960517298
4159,customer,True,True,2026-01-02 10:56:44.760164583
4160,customer,True,True,2026-04-28 20:59:28.954270079
4161,customer,True,True,2026-07-04 23:39:02.819444081
4162,customer,True,True,2024-06-05 18:02:17.596323024
4163,customer,True,True,2025-10-17 12:37:31.400259946
4164,customer,True,True,2025-12-27 16:43:50.574618175
4165,customer,True,True,2026-01-30 05:25:16.031963160
4166,customer,True,True,2025-11-07 02:22:34.696319388
4167,customer,True,False,2026-01-31 22:43:27.099041662
4168,customer,True,False,2026-03-30 12:37:17.880799331
4169,customer,True,True,2026-01-23 21:19:31.805719715
4170,customer,True,True,2024-11-05 12:05:47.391539062
4171,customer,True,True,2025-03-31 07:04:09.722268766
4172,customer,True,False,2026-01-23 16:57:09.473170156
4173,customer,True,False,2024-04-16 03:32:40.635027560
4174,customer,True,True,2025-11-22 15:22:41.788529435
4175,customer,True,True,2026-03-07 21:35:51.156475487
4176,customer,True,True,2025-08-27 22:31:32.173951936
4177,customer,True,True,2024-09-02 04:38:34.749631009
4178,customer,True,False,2024-11-24 12:55:45.079109328
4179,customer,True,False,2026-03-02 06:17:09.448608956
4180,customer,True,False,2026-04-18 14:07:07.537155500
4181,customer,True,True,2026-01-10 17:53:18.665989308
4182,customer,True,True,2025-07-20 05:02:53.684388929
4183,customer,True,False,2025-05-11 20:19:39.398403139
4184,customer,True,True,2025-01-18 08:26:48.161851700
4185,customer,True,True,2025-10-06 13:20:42.319512949
4186,customer,True,True,2025-09-29 19:03:20.777639781
4187,customer,True,True,2025-10-14 01:36:50.724988131
4188,customer,True,True,2025-03-05 07:42:21.430964878
4189,customer,True,False,2025-05-06 16:39:33.451931708
4190,customer,True,True,2026-03-06 10:17:39.637495263
4191,customer,True,True,2025-06-11 04:50:17.471744713
4192,customer,True,True,2025-03-26 12:16:26.897797370
4193,customer,True,True,2025-02-28 23:13:01.075303010
4194,customer,True,True,2025-09-06 14:57:21.002561949
4195,customer,True,True,2025-09-18 15:21:39.298525140
4196,customer,True,True,2025-11-14 21:36:20.900614568
4197,customer,True,True,2025-10-26 16:45:41.822306721
4198,customer,True,True,2024-07-04 23:39:04.199557470
4199,customer,True,True,2025-10-20 04:22:44.359783666
4200,customer,True,True,2026-02-25 05:47:11.837421664
4201,customer,True,True,2025-09-01 21:45:21.902951880
4202,customer,True,True,2025-05-17 13:36:10.421311335
4203,customer,True,True,2025-03-14 17:03:25.486893556
4204,customer,True,True,2026-03-31 15:26:28.533926786
4205,customer,True,True,2024-10-08 23:06:50.722156584
4206,customer,True,True,2025-05-28 07:04:44.344768331
4207,customer,True,True,2024-11-01 10:52:56.879652611
4208,customer,True,True,2026-05-04 05:48:58.077335901
4209,customer,True,True,2025-02-16 05:49:52.124979254
4210,customer,True,True,2026-04-05 06:42:35.948310230
4211,customer,True,True,2025-12-24 08:37:56.360895451
4212,customer,True,True,2025-05-19 02:53:51.324282246
4213,customer,True,False,2026-04-14 07:05:58.513059540
4214,customer,True,True,2026-02-01 23:46:02.985513477
4215,customer,True,True,2026-05-05 14:26:40.851038700
4216,customer,True,True,2025-05-26 16:08:08.839496398
4217,customer,True,True,2026-03-08 07:36:07.554970461
4218,customer,True,False,2025-11-01 15:21:21.602805328
4219,customer,True,False,2025-08-11 06:03:49.506512712
4220,customer,True,False,2025-09-04 11:02:51.095064771
4221,customer,True,True,2025-09-24 10:20:06.030750339
4222,customer,True,False,2025-09-24 20:10:19.895629443
4223,customer,True,True,2026-04-30 16:01:29.402346695
4224,customer,True,False,2025-12-15 14:42:14.950670844
4225,customer,True,True,2025-09-26 17:19:47.530068307
4226,customer,True,False,2025-10-19 02:41:04.801544555
4227,customer,True,True,2025-11-26 12:45:30.282913178
4228,customer,True,True,2026-02-20 21:43:34.144450637
4229,customer,True,False,2025-09-09 06:53:45.598698235
4230,customer,True,True,2025-07-29 20:28:02.000057169
4231,customer,True,False,2026-01-14 23:25:38.036649683
4232,customer,True,True,2025-03-12 11:03:31.859209841
4233,customer,True,True,2024-09-30 05:38:59.527566324
4234,customer,True,True,2025-10-28 21:14:55.573660758
4235,customer,True,True,2026-03-03 22:08:16.379355400
4236,customer,True,True,2026-04-15 08:59:39.134925088
4237,customer,True,True,2025-12-26 15:12:23.451341164
4238,customer,True,True,2025-11-11 17:46:57.027608680
4239,customer,True,True,2026-04-19 22:25:33.417593542
4240,customer,True,True,2025-12-31 09:01:01.190219630
4241,customer,True,False,2025-03-29 07:45:10.324581826
4242,customer,True,False,2026-06-18 04:43:51.931821801
4243,customer,True,True,2025-10-16 20:17:06.239639435
4244,customer,True,True,2026-02-02 19:08:21.703534216
4245,customer,True,True,2025-11-06 01:31:32.785886476
4246,customer,True,True,2024-09-07 13:11:18.428956570
4247,customer,True,False,2025-11-14 16:59:56.997830184
4248,customer,True,True,2025-12-10 04:15:44.871927538
4249,customer,True,True,2025-06-13 12:35:52.439268918
4250,customer,True,True,2025-09-06 07:00:03.691692093
4251,customer,True,True,2025-10-16 00:02:05.988520289
4252,customer,True,True,2025-08-29 07:50:33.373424496
4253,customer,True,True,2025-01-01 22:55:40.545809936
4254,customer,True,True,2025-04-18 09:45:53.480423708
4255,customer,True,True,2025-12-21 09:30:56.652725598
4256,customer,True,True,2024-09-30 12:18:27.318762476
4257,customer,True,True,2026-01-25 16:21:25.567339565
4258,customer,True,True,2025-10-16 19:38:25.507730006
4259,customer,True,True,2025-09-24 01:39:46.123118782
4260,customer,True,True,2025-12-28 20:28:11.943645854
4261,customer,True,True,2024-11-14 10:09:24.568552155
4262,customer,True,True,2026-01-05 10:49:52.824864335
4263,customer,True,True,2025-11-28 16:06:41.820562317
4264,customer,True,True,2025-03-05 02:22:07.458996818
4265,customer,True,True,2026-01-20 13:58:59.211550745
4266,customer,True,True,2026-04-23 08:45:22.257073276
4267,customer,True,True,2025-10-11 04:33:41.282095303
4268,customer,True,True,2026-03-29 09:52:20.047750974
4269,customer,True,False,2026-04-09 00:49:46.662587830
4270,customer,True,True,2026-06-17 06:23:07.633889158
4271,customer,True,True,2026-06-11 13:57:46.750200694
4272,customer,True,False,2026-06-08 01:29:07.796948047
4273,customer,True,True,2024-08-05 21:31:29.960655903
4274,customer,True,True,2026-06-08 06:03:05.320077397
4275,customer,True,True,2026-03-31 20:40:36.390875063
4276,customer,True,True,2025-11-25 18:36:41.808054287
4277,customer,True,True,2025-06-25 08:48:12.069559970
4278,customer,True,False,2025-05-29 06:48:16.624128742
4279,customer,True,True,2026-03-03 20:25:13.825540491
4280,customer,True,True,2025-10-20 09:32:39.797432981
4281,customer,True,False,2025-11-30 19:17:02.911071388
4282,customer,True,True,2025-10-31 08:34:23.518688451
4283,customer,True,True,2025-10-06 01:11:48.778570056
4284,customer,True,True,2025-08-12 01:02:40.854495040
4285,customer,True,True,2026-02-05 05:54:15.956593200
4286,customer,True,True,2025-01-17 11:12:26.544235770
4287,customer,True,True,2026-01-04 07:36:16.909602771
4288,customer,True,True,2024-02-05 00:00:00.000000000
4289,customer,True,True,2026-01-28 05:40:42.906105172
4290,customer,True,True,2025-10-16 22:48:22.432794135
4291,customer,True,True,2025-11-29 06:28:13.604327072
4292,customer,True,True,2025-10-24 13:55:25.643174425
4293,customer,True,True,2025-02-24 10:12:57.422463020
4294,customer,True,True,2025-12-08 22:50:20.299180419
4295,customer,True,False,2026-04-12 19:34:58.978556752
4296,customer,True,True,2026-02-07 14:03:35.087917041
4297,customer,True,True,2025-12-08 13:58:32.094885697
4298,customer,True,True,2025-09-29 11:50:06.432730150
4299,customer,True,True,2026-03-03 07:30:59.974120613
4300,customer,True,True,2026-02-18 14:44:30.885074904
4301,customer,True,True,2025-09-21 23:46:34.248277296
4302,customer,True,True,2025-09-14 17:05:25.311159750
4303,customer,True,True,2025-04-11 12:45:49.247564968
4304,customer,True,True,2026-02-09 04:25:32.508166728
4305,customer,True,False,2025-07-20 01:13:44.847070516
4306,customer,True,False,2025-11-28 22:47:59.836296452
4307,customer,True,True,2026-01-21 14:30:00.137058933
4308,customer,True,True,2025-11-23 08:28:36.033630186
4309,customer,True,True,2025-10-29 20:56:46.663624064
4310,customer,True,True,2026-04-22 03:52:37.001862063
4311,customer,True,False,2026-04-15 15:20:07.282589724
4312,customer,True,True,2025-06-16 06:43:52.391386984
4313,customer,True,True,2026-01-07 22:44:12.982135730
4314,customer,True,True,2025-09-28 00:09:34.100678472
4315,customer,True,False,2025-06-24 02:03:37.145691265
4316,customer,True,True,2025-11-22 07:41:20.381005850
4317,customer,True,True,2025-07-15 13:25:36.577920352
4318,customer,True,True,2025-10-28 16:20:04.944409556
4319,customer,True,True,2025-10-19 21:07:07.841770004
4320,customer,True,True,2025-01-28 09:31:58.020858155
4321,customer,True,True,2025-12-10 17:56:09.737163514
4322,customer,True,True,2025-06-13 05:55:03.820219591
4323,customer,True,True,2026-05-06 10:59:51.670811297
4324,customer,True,True,2025-10-05 07:43:38.415733162
4325,customer,True,True,2024-11-01 03:28:14.031542612
4326,customer,True,True,2024-02-05 00:00:00.000000000
4327,customer,True,True,2026-05-02 16:55:24.374785420
4328,customer,True,True,2026-01-08 16:14:52.554090187
4329,customer,False,True,2026-03-27 04:56:17.505971592
4330,customer,True,True,2025-12-04 06:36:40.806314128
4331,customer,True,True,2025-04-30 17:01:36.209196135
4332,customer,True,True,2025-01-15 23:55:55.027787100
4333,customer,True,False,2025-01-04 13:38:42.210851583
4334,customer,True,False,2026-05-09 10:24:17.052144613
4335,customer,True,True,2025-11-02 21:37:02.575263314
4336,customer,True,True,2026-02-11 18:00:55.422579914
4337,customer,True,True,2025-12-13 20:18:50.745508264
4338,customer,True,False,2026-01-24 19:01:34.622862851
4339,customer,True,True,2026-05-05 18:44:00.950953656
4340,customer,True,True,2025-01-12 13:13:39.783573901
4341,customer,True,True,2026-03-02 04:13:04.899566255
4342,customer,True,True,2026-02-09 09:11:03.412385376
4343,customer,True,True,2024-10-29 18:09:24.518422596
4344,customer,True,True,2026-05-18 06:40:52.202187066
4345,customer,True,True,2025-08-15 08:53:10.061528816
4346,customer,True,False,2025-03-20 19:16:13.282769692
4347,customer,True,True,2024-11-30 03:58:11.870460812
4348,customer,True,False,2025-08-30 21:27:59.976664445
4349,customer,True,True,2025-06-08 08:52:24.506467778
4350,customer,True,True,2025-03-20 23:19:47.788837594
4351,customer,True,False,2025-12-01 16:08:06.312766984
4352,customer,True,False,2026-03-18 01:03:39.889349044
4353,customer,True,False,2024-09-29 14:40:04.990155180
4354,customer,True,False,2025-07-06 20:16:24.903173465
4355,customer,True,True,2025-11-03 02:45:08.713784431
4356,customer,True,True,2026-05-01 22:33:09.921940713
4357,customer,True,True,2026-06-25 10:24:54.867826714
4358,customer,True,False,2025-08-19 20:03:01.577663329
4359,customer,True,False,2026-06-27 14:47:17.570502416
4360,customer,True,False,2025-11-05 02:44:32.342293649
4361,customer,True,False,2026-02-24 19:36:15.243150468
4362,customer,True,True,2026-01-25 03:10:48.800124921
4363,customer,True,True,2024-12-31 16:04:38.717177840
4364,customer,True,True,2026-02-23 16:33:37.523295617
4365,customer,True,True,2025-10-26 20:31:39.110208082
4366,customer,True,True,2026-02-23 01:07:15.325450899
4367,customer,True,True,2025-09-09 18:09:17.269220659
4368,customer,True,False,2025-10-09 16:07:29.481549396
4369,customer,True,True,2025-11-04 23:43:19.184659908
4370,customer,True,True,2025-03-19 19:23:17.345885142
4371,customer,True,False,2026-05-18 02:54:18.110869788
4372,customer,True,True,2026-06-03 08:19:01.433114591
4373,customer,True,True,2026-04-17 20:07:43.891916676
4374,customer,True,True,2025-10-08 15:54:48.383283960
4375,customer,True,True,2025-08-03 12:30:15.614222478
4376,customer,True,True,2026-07-13 19:53:02.304882863
4377,customer,True,True,2025-08-06 15:06:42.176311791
4378,customer,True,True,2026-01-05 00:22:19.738110139
4379,customer,True,False,2024-09-18 19:42:36.976563398
4380,customer,True,False,2025-08-23 16:59:35.223733364
4381,customer,True,True,2024-11-06 15:26:41.328265405
4382,customer,True,False,2025-01-18 16:23:24.555883598
4383,customer,True,True,2026-01-04 22:27:47.102910302
4384,customer,True,True,2025-04-29 10:31:04.585655736
4385,customer,True,True,2026-01-05 06:13:17.369853989
4386,customer,True,False,2024-07-27 15:18:12.859937430
4387,customer,True,False,2025-12-21 21:02:19.102772922
4388,customer,True,False,2025-07-23 02:30:56.715566190
4389,customer,True,True,2024-05-02 11:26:54.307415288
4390,customer,True,True,2025-07-12 06:41:38.348030533
4391,customer,True,True,2026-01-20 11:52:14.338859420
4392,customer,True,True,2026-04-27 13:32:58.682155339
4393,customer,True,True,2026-05-17 12:50:18.749019558
4394,customer,True,True,2025-08-07 19:38:08.323413850
4395,customer,True,True,2025-11-23 09:48:20.220812021
4396,customer,True,True,2026-04-16 06:38:41.868684736
4397,customer,True,True,2025-05-30 17:35:55.200084545
4398,customer,True,True,2025-06-03 12:59:42.964911647
4399,customer,True,True,2025-11-26 12:29:36.482243427
4400,customer,True,True,2024-10-20 04:20:32.770581372
4401,customer,True,True,2026-05-29 06:49:04.353675698
4402,customer,True,True,2026-01-15 01:55:12.004372972
4403,customer,True,True,2025-07-13 15:16:25.852192096
4404,customer,True,False,2026-04-05 23:42:08.420761815
4405,customer,True,True,2025-05-03 05:28:40.264272325
4406,customer,True,True,2025-02-04 21:18:40.342817181
4407,customer,True,True,2026-07-06 06:39:24.485438797
4408,customer,True,True,2024-10-06 09:22:02.455847496
4409,customer,True,True,2025-07-28 17:41:34.085575375
4410,customer,True,True,2026-01-31 19:38:03.463995426
4411,customer,True,False,2026-05-11 18:42:40.748138419
4412,customer,True,True,2025-03-24 17:48:30.114999170
4413,customer,True,True,2026-04-20 19:11:50.283813792
4414,customer,True,True,2025-07-29 04:27:08.993902076
4415,customer,True,True,2026-04-17 06:30:10.803997570
4416,customer,True,True,2025-11-09 07:34:51.752289928
4417,customer,True,True,2025-04-07 18:14:37.768137890
4418,customer,True,True,2026-01-30 00:20:09.244220344
4419,customer,True,True,2024-10-09 05:33:06.863764894
4420,customer,True,False,2025-07-07 18:29:41.249446043
4421,customer,True,True,2026-04-05 16:13:02.074047384
4422,customer,True,False,2026-05-06 03:25:26.524704044
4423,customer,True,True,2026-03-09 13:48:06.073268337
4424,customer,True,True,2025-11-18 02:26:33.312028016
4425,customer,True,True,2024-08-30 11:36:02.610534448
4426,customer,True,True,2024-06-07 04:30:14.066995335
4427,customer,True,True,2026-02-04 05:02:14.123300079
4428,customer,True,True,2026-02-08 09:00:11.011625784
4429,customer,True,True,2025-05-25 07:50:16.118993124
4430,customer,True,True,2025-05-27 15:16:29.643241040
4431,customer,True,True,2024-12-13 22:11:06.712229035
4432,customer,True,True,2024-12-03 19:26:12.182077364
4433,customer,True,True,2026-03-17 09:10:31.544143680
4434,customer,True,False,2026-05-20 10:07:13.972888681
4435,customer,True,True,2025-07-03 23:34:14.491928001
4436,customer,True,True,2025-09-27 16:58:48.222446806
4437,customer,True,False,2026-06-18 16:52:40.141540849
4438,customer,True,True,2026-05-21 22:56:52.779084749
4439,customer,True,True,2025-07-16 11:59:57.028309982
4440,customer,True,True,2025-12-03 21:49:36.980946708
4441,customer,True,True,2025-07-10 17:07:20.667265349
4442,customer,True,True,2026-04-12 02:41:49.613431656
4443,customer,True,True,2025-06-21 23:31:07.415528287
4444,customer,True,False,2025-09-01 07:34:38.871256772
4445,customer,True,True,2025-06-02 03:10:37.015278209
4446,customer,True,True,2026-01-25 13:19:03.697667858
4447,customer,True,True,2026-02-23 17:02:37.859226360
4448,customer,True,True,2026-05-11 21:25:57.626049386
4449,customer,True,True,2026-01-01 15:27:00.961998570
4450,customer,True,True,2025-02-19 16:33:34.577902155
4451,customer,True,True,2024-11-16 14:24:43.995921354
4452,customer,True,True,2026-04-20 01:08:14.137690154
4453,customer,True,False,2025-11-18 05:44:07.672348574
4454,customer,True,True,2024-08-23 20:07:45.958022858
4455,customer,True,False,2024-06-23 21:43:52.938830568
4456,customer,True,True,2026-01-07 22:24:36.628111178
4457,customer,True,True,2025-01-20 11:26:33.344160314
4458,customer,True,True,2025-03-21 08:33:40.304657065
4459,customer,True,True,2025-04-16 12:09:40.916676874
4460,customer,True,True,2026-05-30 16:59:59.205321932
4461,customer,True,True,2026-02-12 05:06:29.067970237
4462,customer,True,True,2025-12-07 14:58:26.387669099
4463,customer,True,True,2025-12-12 11:55:37.181964749
4464,customer,True,False,2025-11-20 04:42:10.688128647
4465,customer,True,False,2024-05-01 15:31:43.227490962
4466,customer,True,True,2026-01-02 17:03:20.301765095
4467,customer,True,True,2025-08-21 16:45:16.366221551
4468,customer,True,False,2025-08-29 23:02:09.408925516
4469,customer,True,True,2025-11-17 22:15:23.931849701
4470,customer,True,True,2026-04-14 11:53:59.712599928
4471,customer,True,True,2025-10-24 04:10:04.964193302
4472,customer,True,False,2026-06-19 11:33:47.108148213
4473,customer,True,True,2025-07-29 03:33:55.287532017
4474,customer,True,True,2026-06-26 02:03:47.753055363
4475,customer,True,True,2025-08-20 02:17:14.540161212
4476,customer,True,True,2026-02-19 00:42:06.493510432
4477,customer,True,True,2026-04-01 17:14:09.376637056
4478,customer,True,False,2025-05-20 21:45:04.678922716
4479,customer,True,True,2026-01-20 09:18:12.478001124
4480,customer,True,True,2025-11-03 06:49:54.937754023
4481,customer,True,True,2026-05-28 17:01:21.883856022
4482,customer,True,True,2024-10-18 02:11:03.439021872
4483,customer,True,True,2025-10-15 09:51:33.893273002
4484,customer,True,True,2025-10-15 21:52:44.204432892
4485,customer,True,True,2025-07-23 17:46:39.477823652
4486,customer,True,False,2026-07-09 10:47:23.931563620
4487,customer,True,True,2024-09-06 04:06:16.340459242
4488,customer,True,True,2026-01-08 08:59:29.200940264
4489,customer,True,True,2024-10-02 05:51:25.472648319
4490,customer,True,True,2026-01-13 16:18:26.504579561
4491,customer,True,False,2026-02-15 06:34:29.219387670
4492,customer,True,False,2025-08-09 16:50:31.685378560
4493,customer,True,True,2024-02-05 00:00:00.000000000
4494,customer,True,True,2025-01-20 20:25:04.789389890
4495,customer,True,True,2025-07-13 19:07:05.260170476
4496,customer,False,True,2025-08-13 11:50:12.143342521
4497,customer,True,True,2025-10-26 00:16:25.557916201
4498,customer,True,True,2024-10-21 07:37:30.002014880
4499,customer,True,False,2025-05-13 12:32:54.479148833
4500,customer,True,True,2026-05-13 10:11:43.205607995
4501,customer,True,True,2026-04-01 02:40:44.574669861
4502,customer,True,False,2025-07-04 21:45:23.437799894
4503,customer,True,True,2026-04-18 01:02:39.234612466
4504,customer,True,True,2025-10-16 13:31:38.806459427
4505,customer,True,True,2025-04-18 21:49:09.848773370
4506,customer,True,False,2025-08-07 23:24:25.708082755
4507,customer,True,False,2026-05-01 11:39:09.676458170
4508,customer,True,True,2026-03-26 09:53:53.089774993
4509,customer,True,True,2025-07-31 07:40:45.666225037
4510,customer,True,False,2024-03-21 10:35:42.027763048
4511,customer,True,False,2025-11-26 20:26:38.564495722
4512,customer,True,True,2025-04-08 04:59:31.069947334
4513,customer,True,True,2025-08-05 20:07:15.821447702
4514,customer,True,False,2026-02-20 08:36:50.501872602
4515,customer,True,True,2025-04-04 14:30:29.395772376
4516,customer,True,True,2026-05-30 12:29:18.306968615
4517,customer,True,True,2025-04-27 11:35:33.428132086
4518,customer,True,True,2025-07-21 19:24:47.418154391
4519,customer,True,True,2026-02-08 03:17:41.296522097
4520,customer,True,True,2026-04-09 23:37:44.363980586
4521,customer,True,True,2026-01-27 00:20:54.415622907
4522,customer,True,True,2026-03-01 21:30:15.085904233
4523,customer,True,False,2025-12-25 03:55:45.050583133
4524,customer,True,True,2026-01-12 01:06:38.759120747
4525,customer,True,True,2026-02-08 05:00:57.208322172
4526,customer,True,False,2026-06-01 21:37:58.272315621
4527,customer,True,True,2026-04-23 05:23:02.403268864
4528,customer,True,True,2025-02-13 01:01:42.922768847
4529,customer,True,True,2026-02-04 06:01:29.809389965
4530,customer,True,True,2025-12-22 00:39:25.687557983
4531,customer,True,False,2026-01-20 03:56:02.002572177
4532,customer,True,True,2024-10-11 19:04:15.880261737
4533,customer,True,False,2026-03-04 18:13:59.810859313
4534,customer,True,True,2026-03-13 03:34:38.499727567
4535,customer,True,True,2025-07-16 04:21:05.589238361
4536,customer,True,True,2025-09-30 17:06:18.496847725
4537,customer,True,True,2025-07-09 00:35:34.020525662
4538,customer,True,False,2025-07-25 06:58:37.536913851
4539,customer,True,True,2025-03-27 09:43:55.647588427
4540,customer,True,False,2026-05-03 14:44:25.000986961
4541,customer,True,True,2025-08-09 06:54:18.798681442
4542,customer,True,True,2026-03-12 09:59:35.771581704
4543,customer,True,False,2026-06-17 10:49:51.878905968
4544,customer,True,True,2025-07-26 23:59:52.271256100
4545,customer,True,True,2025-08-10 07:25:06.741442540
4546,customer,True,True,2025-11-10 21:24:30.980358191
4547,customer,True,True,2025-03-21 18:30:42.697849392
4548,customer,True,False,2026-03-11 11:49:31.107955150
4549,customer,True,True,2025-06-15 22:02:07.882177837
4550,customer,True,True,2025-12-07 06:26:24.692273440
4551,customer,True,True,2025-11-23 22:37:51.586010256
4552,customer,True,True,2026-06-10 22:52:01.303428458
4553,customer,True,False,2025-03-18 11:18:00.127618414
4554,customer,True,False,2025-08-19 13:22:55.650625410
4555,customer,True,True,2025-06-26 07:23:33.726389845
4556,customer,True,True,2026-03-26 18:44:20.608023028
4557,customer,True,True,2025-09-15 08:21:31.234253809
4558,customer,True,False,2025-12-07 15:07:20.060183304
4559,customer,True,True,2025-08-07 04:36:32.042809193
4560,customer,True,True,2025-09-25 08:11:32.532632552
4561,customer,True,True,2024-07-21 21:36:27.771912669
4562,customer,True,False,2024-12-09 22:36:55.124626519
4563,customer,True,True,2025-12-26 19:23:55.028395614
4564,customer,True,True,2025-07-27 07:02:07.354285371
4565,customer,True,False,2026-01-08 21:35:40.374687319
4566,customer,True,False,2025-03-30 08:36:59.032899548
4567,customer,True,True,2025-11-30 09:48:20.200431886
4568,customer,True,True,2026-01-29 05:33:28.373354897
4569,customer,True,True,2025-09-18 09:01:21.601678204
4570,customer,True,True,2025-01-08 07:07:00.614621401
4571,customer,True,True,2025-03-05 17:26:24.896518276
4572,customer,True,True,2026-01-21 04:33:55.072430226
4573,customer,True,True,2024-08-31 13:47:42.393149777
4574,customer,True,True,2026-03-20 14:13:18.337192680
4575,customer,True,True,2026-02-14 15:23:48.728472029
4576,customer,True,True,2025-04-12 15:10:32.526922132
4577,customer,True,True,2026-06-17 03:38:08.207049809
4578,customer,True,True,2025-11-02 18:11:11.231027898
4579,customer,True,True,2025-12-27 11:38:38.259948861
4580,customer,True,True,2024-08-05 17:47:26.742533779
4581,customer,True,True,2026-04-08 07:34:14.196928919
4582,customer,True,True,2026-03-28 16:29:19.022817345
4583,customer,True,True,2024-06-03 15:51:04.688446505
4584,customer,True,True,2025-12-25 15:35:21.793654856
4585,customer,True,True,2025-01-22 09:42:32.966089105
4586,customer,True,False,2026-01-19 13:01:49.568325684
4587,customer,True,True,2026-02-19 19:36:45.846674718
4588,customer,True,True,2025-01-04 17:29:11.736512235
4589,customer,True,True,2024-02-05 00:00:00.000000000
4590,customer,True,False,2024-12-07 13:37:26.015305118
4591,customer,True,True,2026-01-28 15:47:13.174818611
4592,customer,True,True,2025-11-11 00:35:25.809366360
4593,customer,True,True,2026-03-24 02:46:02.682842656
4594,customer,True,True,2026-03-06 02:21:35.218618261
4595,customer,True,False,2026-03-11 21:32:56.777884276
4596,customer,True,True,2026-01-16 01:49:09.612344646
4597,customer,True,True,2025-10-11 21:22:59.655352006
4598,customer,True,True,2025-11-03 10:28:51.042735826
4599,customer,True,True,2025-05-26 06:33:02.801369512
4600,customer,True,True,2025-10-01 05:34:00.869516352
4601,customer,True,True,2025-06-21 19:58:24.942474043
4602,customer,True,True,2025-05-10 03:18:03.965005176
4603,customer,True,False,2026-01-26 04:45:03.260190629
4604,customer,False,True,2025-12-03 22:47:40.091392822
4605,customer,True,True,2024-02-05 00:00:00.000000000
4606,customer,True,True,2026-02-06 13:42:57.050986839
4607,customer,True,False,2025-06-06 13:24:37.270989672
4608,customer,True,False,2026-04-28 06:02:55.052043070
4609,customer,True,True,2025-05-01 17:26:07.971524618
4610,customer,True,True,2026-02-27 17:26:43.819413421
4611,customer,True,True,2025-10-27 14:30:20.828565551
4612,customer,True,True,2026-05-11 08:09:01.705074328
4613,customer,True,False,2025-11-15 18:34:42.339678592
4614,customer,True,False,2025-11-12 00:14:10.058192814
4615,customer,True,True,2025-12-10 08:29:03.656393152
4616,customer,True,False,2025-08-04 20:48:10.170992702
4617,customer,True,True,2025-02-04 14:47:04.951892930
4618,customer,True,True,2026-03-29 03:53:40.289962900
4619,customer,True,True,2025-12-06 05:22:46.215153106
4620,customer,True,True,2026-05-06 04:10:40.360171708
4621,customer,True,False,2026-06-06 12:59:06.101874053
4622,customer,True,True,2025-10-03 21:51:32.409413698
4623,customer,True,True,2026-04-05 19:55:12.724946856
4624,customer,True,True,2025-11-05 05:19:33.735834100
4625,customer,True,False,2025-09-25 13:13:46.951316285
4626,customer,True,True,2026-05-28 06:19:11.962498406
4627,customer,True,True,2025-08-23 22:43:45.152211484
4628,customer,True,True,2025-02-21 06:59:09.106667376
4629,customer,True,True,2025-07-01 14:45:07.455615587
4630,customer,True,True,2026-03-26 17:30:41.344389216
4631,customer,True,True,2025-11-17 02:10:55.215247279
4632,customer,True,True,2025-10-27 13:12:54.803029240
4633,customer,True,True,2025-12-02 23:24:06.783755038
4634,customer,True,True,2026-05-02 05:42:32.301778441
4635,customer,True,True,2026-03-10 02:24:24.329158670
4636,customer,True,False,2025-12-18 01:20:46.616036600
4637,customer,True,True,2025-09-28 12:44:49.940747281
4638,customer,True,True,2026-02-07 10:13:11.409260785
4639,customer,True,False,2026-06-12 05:00:55.285157653
4640,customer,True,False,2026-01-30 04:59:19.055638966
4641,customer,True,True,2024-07-22 14:17:53.215682505
4642,customer,True,True,2025-08-22 08:44:20.223829018
4643,customer,True,True,2025-10-04 12:30:28.444995744
4644,customer,True,True,2026-03-11 19:39:31.092548726
4645,customer,True,True,2026-01-23 19:38:21.758272527
4646,customer,True,True,2026-06-15 14:28:34.027571692
4647,customer,True,True,2026-03-19 07:56:40.404277263
4648,customer,True,True,2025-09-02 23:03:49.985311562
4649,customer,True,True,2025-10-02 23:27:28.917763411
4650,customer,True,True,2026-02-19 18:01:43.254999256
4651,customer,True,True,2025-12-03 03:04:29.165933453
4652,customer,True,True,2025-11-03 07:22:31.644723787
4653,customer,True,True,2026-02-13 00:28:23.089858701
4654,customer,True,True,2025-08-08 22:08:56.549743227
4655,customer,True,True,2025-10-06 18:17:49.936294761
4656,customer,True,True,2026-01-18 14:59:10.167206871
4657,customer,True,True,2026-04-26 23:04:23.092123109
4658,customer,True,True,2026-01-28 22:32:04.439915400
4659,customer,True,False,2026-02-07 01:17:02.626972878
4660,customer,True,False,2026-02-20 00:34:35.407841247
4661,customer,True,True,2026-05-25 18:46:41.985836046
4662,customer,True,True,2024-11-21 14:58:28.964502002
4663,customer,True,True,2024-12-10 18:15:55.233564884
4664,customer,True,True,2025-12-09 06:14:33.019586520
4665,customer,True,True,2025-09-29 12:30:44.395858795
4666,customer,True,True,2025-08-13 01:40:12.219952927
4667,customer,True,True,2025-12-06 14:12:44.871198000
4668,customer,True,True,2025-09-14 14:38:38.474188832
4669,customer,True,True,2025-07-10 04:47:58.081178706
4670,customer,True,True,2025-10-14 07:39:10.272365154
4671,customer,True,True,2025-05-25 16:45:04.847377214
4672,customer,True,True,2026-02-24 04:09:38.376768724
4673,customer,True,True,2025-11-17 06:36:26.787133901
4674,customer,True,True,2024-02-05 00:00:00.000000000
4675,customer,True,True,2025-03-20 02:36:37.550813239
4676,customer,True,True,2025-10-09 18:14:46.042903076
4677,customer,True,True,2026-03-28 21:46:28.403045795
4678,customer,True,True,2025-11-08 00:03:21.984608397
4679,customer,True,True,2025-04-10 11:20:42.315664722
4680,customer,True,True,2025-06-11 13:08:43.398993498
4681,customer,True,True,2026-06-08 07:22:41.616111922
4682,customer,True,True,2026-05-23 12:29:01.496303057
4683,customer,True,True,2026-05-20 15:43:55.075879549
4684,customer,True,False,2025-08-09 07:09:57.555228641
4685,customer,True,True,2026-05-19 19:03:14.387616153
4686,customer,True,True,2026-04-02 06:00:09.371873232
4687,customer,True,True,2025-12-12 16:08:50.019411581
4688,customer,True,True,2025-02-17 16:21:16.730808950
4689,customer,True,False,2025-07-28 21:05:04.046822224
4690,customer,True,False,2026-01-01 04:00:04.257503410
4691,customer,True,True,2025-05-17 15:16:53.682259913
4692,customer,True,False,2024-03-07 09:26:37.327230963
4693,customer,True,True,2025-11-06 08:04:46.562025407
4694,customer,True,True,2026-05-01 15:11:33.324133719
4695,customer,True,True,2026-03-29 19:38:10.243448572
4696,customer,True,True,2026-03-30 18:08:56.673045814
4697,customer,True,True,2026-03-07 15:28:59.061970512
4698,customer,True,True,2026-01-11 20:32:53.085853660
4699,customer,True,True,2025-09-22 08:57:57.951395304
4700,customer,True,False,2026-05-13 02:35:09.684957984
4701,customer,True,True,2026-04-29 20:33:58.606421202
4702,customer,True,True,2025-07-12 11:29:54.384168311
4703,customer,True,False,2026-02-06 10:27:35.226767880
4704,customer,True,True,2026-03-20 03:03:51.166424198
4705,customer,True,True,2025-12-25 21:32:25.857596899
4706,customer,True,True,2024-12-20 02:59:45.493437970
4707,customer,True,True,2025-06-07 01:40:40.028190592
4708,customer,True,True,2025-06-25 20:04:00.579521010
4709,customer,True,True,2024-08-09 08:36:04.270100481
4710,customer,True,True,2025-09-12 04:51:42.588311429
4711,customer,True,True,2024-06-28 11:04:12.645266909
4712,customer,True,False,2024-05-20 18:26:57.902378623
4713,customer,True,False,2026-05-10 21:49:54.889417681
4714,customer,True,True,2026-05-29 07:49:44.633119060
4715,customer,True,False,2026-04-06 04:57:27.973381433
4716,customer,True,False,2025-01-26 03:30:03.647021326
4717,customer,True,False,2025-12-22 16:00:57.848615833
4718,customer,True,True,2026-01-11 03:13:13.984510959
4719,customer,True,True,2025-05-09 20:06:38.158524723
4720,customer,True,True,2026-02-13 01:49:14.111059314
4721,customer,True,False,2025-10-09 23:50:29.308912832
4722,customer,True,True,2025-07-12 14:26:56.850076672
4723,customer,True,False,2026-03-28 11:03:33.029099036
4724,customer,True,True,2026-04-19 12:34:11.956296513
4725,customer,True,True,2025-11-07 09:19:44.115843634
4726,customer,True,True,2025-10-14 03:46:52.131575321
4727,customer,True,False,2025-06-01 08:13:35.075212963
4728,customer,True,True,2026-04-08 13:52:10.071223009
4729,customer,True,True,2026-03-04 03:00:34.914367812
4730,customer,True,False,2024-05-25 19:04:14.448463090
4731,customer,True,True,2025-03-27 09:07:04.054466257
4732,customer,True,True,2025-12-07 13:09:42.762923476
4733,customer,True,True,2025-02-03 17:30:52.020553133
4734,customer,True,False,2026-04-08 05:23:21.044815282
4735,customer,True,True,2025-12-26 18:27:56.598856160
4736,customer,True,True,2025-10-15 20:45:57.919409620
4737,customer,True,True,2026-01-13 09:26:04.246489009
4738,customer,True,True,2026-01-08 04:13:33.591787358
4739,customer,True,True,2025-06-15 08:46:39.456341199
4740,customer,True,True,2025-03-22 21:24:13.167200060
4741,customer,True,False,2026-01-28 17:38:31.139508982
4742,customer,True,True,2026-05-06 23:34:12.254175630
4743,customer,True,False,2026-05-21 13:56:51.868025425
4744,customer,True,False,2026-06-19 20:14:16.571985778
4745,customer,True,True,2024-08-17 01:04:11.961167734
4746,customer,True,True,2025-06-14 05:20:52.965923603
4747,customer,True,True,2025-08-11 12:15:59.549011759
4748,customer,True,True,2026-02-15 06:20:48.843724872
4749,customer,True,True,2026-02-15 23:51:21.583758649
4750,customer,False,True,2025-03-12 06:44:02.149409136
4751,customer,True,True,2026-05-29 01:24:30.324044353
4752,customer,True,True,2026-01-22 18:02:15.061837630
4753,customer,True,True,2025-01-23 09:06:06.752736732
4754,customer,True,True,2026-01-23 00:03:34.823223222
4755,customer,True,True,2025-06-28 03:32:06.116908863
4756,customer,True,True,2025-11-30 17:06:17.105594568
4757,customer,True,True,2026-07-11 18:26:28.344023466
4758,customer,True,True,2025-12-08 00:27:30.987335135
4759,customer,True,True,2025-11-03 14:45:42.378490896
4760,customer,True,True,2025-12-20 23:47:40.728177984
4761,customer,True,True,2026-04-23 14:19:41.599698788
4762,customer,True,True,2025-12-19 04:18:32.757097917
4763,customer,True,False,2026-06-17 05:27:29.285934357
4764,customer,True,True,2026-01-24 11:27:05.391824735
4765,customer,True,True,2025-06-06 16:56:04.207270416
4766,customer,True,True,2024-09-11 01:18:54.076776624
4767,customer,True,False,2024-11-22 02:02:45.655739302
4768,customer,True,False,2026-04-10 16:26:28.941263650
4769,customer,True,True,2026-05-18 18:05:32.237110441
4770,customer,True,True,2025-10-15 19:19:02.667151730
4771,customer,True,True,2025-11-15 20:56:49.201060123
4772,customer,True,True,2025-07-17 15:38:51.661141590
4773,customer,True,True,2026-02-25 19:26:24.732082381
4774,customer,True,False,2025-11-10 05:29:28.284383994
4775,customer,True,True,2025-11-20 04:24:27.292652298
4776,customer,True,True,2026-01-19 13:50:16.318038887
4777,customer,True,True,2026-06-02 02:26:30.973939731
4778,customer,True,True,2025-06-10 19:23:44.557214972
4779,customer,True,True,2025-10-14 09:58:50.861756972
4780,customer,True,True,2025-05-22 08:42:52.389811559
4781,customer,True,True,2025-03-12 13:27:04.468457711
4782,customer,True,True,2025-12-05 19:11:34.886848180
4783,customer,True,True,2025-06-09 01:05:36.615198253
4784,customer,True,False,2024-08-31 15:34:18.478043913
4785,customer,True,True,2024-04-06 23:19:05.977145255
4786,customer,True,True,2025-09-19 09:53:11.089451029
4787,customer,True,True,2025-09-02 04:39:48.576673970
4788,customer,True,False,2025-09-23 02:04:05.637056829
4789,customer,True,True,2025-07-26 15:38:44.316620400
4790,customer,True,False,2025-03-26 22:02:00.104286385
4791,customer,True,True,2025-09-27 14:45:18.350780193
4792,customer,True,True,2024-05-07 22:53:50.940899705
4793,customer,True,True,2024-07-19 18:09:52.546550576
4794,customer,True,True,2025-11-04 02:50:59.215149520
4795,customer,True,True,2025-11-05 06:39:08.490873770
4796,customer,True,True,2026-01-30 08:24:31.704854415
4797,customer,True,False,2025-07-13 00:17:37.717437270
4798,customer,True,True,2026-01-06 16:49:07.019244904
4799,customer,True,True,2026-02-05 17:47:45.133378743
4800,customer,True,True,2025-07-18 16:02:42.113971116
4801,customer,True,True,2026-04-15 17:57:03.113365562
4802,customer,True,True,2025-03-21 06:33:48.938543257
4803,customer,True,False,2025-07-08 08:01:48.683144442
4804,customer,True,True,2024-08-13 11:26:10.012568520
4805,customer,True,False,2025-09-15 10:50:51.129764284
4806,customer,True,True,2025-05-28 06:58:42.532991138
4807,customer,True,True,2025-04-20 10:54:49.469223998
4808,customer,True,False,2024-12-23 13:33:55.812949653
4809,customer,True,True,2025-10-09 15:33:52.818045593
4810,customer,True,True,2026-01-31 09:52:13.016189522
4811,customer,True,True,2025-09-10 07:00:13.514304854
4812,customer,True,True,2025-03-21 15:40:03.487310974
4813,customer,True,True,2025-02-05 22:10:44.781872665
4814,customer,True,True,2026-06-01 13:57:00.744497413
4815,customer,True,True,2024-02-05 00:00:00.000000000
4816,customer,True,False,2026-02-05 00:29:04.763119414
4817,customer,True,True,2025-05-23 07:55:23.558955511
4818,customer,True,True,2024-11-10 09:33:05.995061816
4819,customer,True,False,2025-11-21 15:08:26.535887742
4820,customer,True,True,2025-01-22 22:06:09.795655423
4821,customer,True,True,2026-06-02 01:42:02.807043524
4822,customer,True,True,2025-01-09 13:29:55.829747910
4823,customer,True,True,2025-02-23 06:52:58.523656792
4824,customer,True,True,2025-08-12 21:02:42.878007998
4825,customer,True,True,2025-03-20 14:34:05.718868096
4826,customer,True,True,2024-07-06 17:54:36.844978341
4827,customer,True,True,2024-10-28 13:01:14.822886237
4828,customer,True,True,2025-11-10 19:50:23.400869623
4829,customer,True,True,2025-09-12 10:33:22.690194982
4830,customer,True,True,2025-12-12 06:32:40.687206360
4831,customer,True,True,2026-01-02 15:52:12.004981902
4832,customer,True,False,2025-04-22 06:37:07.657376667
4833,customer,True,False,2025-12-14 03:01:20.515325135
4834,customer,True,True,2025-04-22 23:37:48.167197536
4835,customer,True,True,2025-11-21 20:15:47.051202923
4836,customer,True,True,2025-10-25 14:10:11.666948947
4837,customer,True,True,2026-03-12 10:45:27.388513380
4838,customer,True,True,2025-05-01 00:12:07.167060072
4839,customer,True,True,2026-06-05 08:35:26.416622510
4840,customer,True,True,2024-12-26 13:14:49.583837709
4841,customer,True,True,2024-02-05 00:00:00.000000000
4842,customer,True,True,2025-10-18 16:01:32.241721334
4843,customer,True,False,2025-10-27 15:02:10.921510836
4844,customer,True,True,2026-05-17 13:53:32.862618837
4845,customer,True,True,2026-01-27 10:10:46.456357066
4846,customer,True,True,2025-03-17 00:54:52.266528314
4847,customer,True,False,2025-01-28 13:37:54.965940949
4848,customer,False,True,2025-09-22 13:52:57.402342768
4849,customer,True,True,2025-04-05 11:10:58.791884221
4850,customer,True,True,2026-03-10 03:51:07.616035847
4851,customer,True,True,2025-08-01 23:18:59.238450841
4852,customer,True,True,2024-09-19 02:37:20.892916926
4853,customer,True,True,2025-06-13 22:20:39.831219024
4854,customer,True,True,2024-07-14 05:26:02.059811443
4855,customer,True,True,2024-06-29 12:26:10.010259793
4856,customer,True,True,2025-07-16 19:57:16.623571240
4857,customer,True,True,2026-07-20 00:30:46.677094152
4858,customer,True,True,2025-02-05 01:52:09.670533143
4859,customer,True,True,2026-04-24 10:20:00.778070539
4860,customer,True,False,2026-07-09 12:35:56.122627978
4861,customer,True,True,2026-06-12 17:33:28.323989747
4862,customer,True,True,2025-01-10 21:09:04.907155246
4863,customer,True,False,2025-07-14 17:46:31.245964473
4864,customer,True,True,2025-09-16 14:39:20.364931357
4865,customer,True,True,2025-06-19 14:23:48.396982071
4866,customer,True,True,2026-06-09 16:12:03.729459431
4867,customer,True,True,2025-12-13 00:37:14.158483617
4868,customer,True,True,2026-02-18 06:07:30.296078058
4869,customer,True,True,2025-10-03 17:27:16.984875880
4870,customer,True,False,2025-09-26 02:18:11.759811541
4871,customer,True,True,2025-07-01 06:41:43.124758273
4872,customer,True,True,2025-05-21 02:22:52.682059609
4873,customer,True,True,2026-06-07 02:26:33.195379368
4874,customer,True,True,2025-12-10 16:23:16.864487783
4875,customer,True,True,2025-10-31 19:39:36.868827102
4876,customer,True,True,2026-04-26 20:24:28.374707826
4877,customer,True,True,2026-05-05 09:43:54.903361861
4878,customer,True,False,2026-06-12 10:46:42.207460741
4879,customer,True,True,2026-05-15 23:27:50.927042250
4880,customer,True,True,2025-04-07 09:25:39.503888654
4881,customer,True,True,2026-05-28 23:22:59.324272248
4882,customer,True,True,2026-05-18 11:54:07.522844654
4883,customer,True,True,2025-10-12 12:11:49.473392502
4884,customer,True,True,2025-08-03 00:07:08.039236392
4885,customer,True,True,2025-11-06 22:31:10.623743210
4886,customer,True,True,2026-04-09 20:57:29.416515478
4887,customer,True,True,2026-05-03 16:28:57.896042872
4888,customer,True,True,2025-10-18 06:50:53.843932914
4889,customer,True,True,2025-11-27 20:55:59.165851345
4890,customer,True,True,2026-01-11 01:04:16.622632958
4891,customer,True,True,2025-04-21 11:03:06.877956753
4892,customer,True,False,2025-12-09 13:55:13.910869644
4893,customer,True,True,2026-05-10 11:42:51.871660391
4894,customer,True,True,2026-01-10 03:01:32.467514892
4895,customer,True,True,2025-07-05 12:15:32.842895501
4896,customer,True,True,2025-12-19 23:53:08.101202180
4897,customer,True,True,2025-07-10 05:41:02.922276256
4898,customer,True,True,2025-05-18 03:04:07.698377162
4899,customer,True,True,2025-12-08 23:42:14.396042356
4900,customer,True,True,2025-11-07 20:20:43.221234146
4901,customer,True,True,2025-12-30 11:47:55.119745666
4902,customer,True,True,2025-07-04 09:03:09.802750669
4903,customer,True,True,2026-01-04 11:09:53.354758983
4904,customer,True,False,2025-07-30 07:00:07.393770628
4905,customer,True,True,2025-09-22 11:41:11.422464925
4906,customer,True,True,2026-06-13 01:04:29.682884148
4907,customer,True,True,2025-07-16 09:02:56.985411377
4908,customer,True,True,2025-10-12 13:38:30.694776470
4909,customer,True,False,2024-12-11 09:01:36.393334539
4910,customer,False,True,2026-04-22 20:58:00.262896390
4911,customer,True,True,2025-09-18 21:31:40.424603474
4912,customer,True,True,2026-01-26 07:57:39.660966291
4913,customer,True,True,2026-06-07 11:03:56.310281865
4914,customer,True,True,2026-06-22 01:03:34.625804547
4915,customer,True,True,2024-09-23 01:21:21.511155235
4916,customer,True,True,2025-09-18 04:16:06.657022560
4917,customer,True,True,2025-12-14 19:26:24.755243370
4918,customer,True,True,2026-05-23 02:47:36.622059136
4919,customer,True,True,2024-10-18 21:51:03.102372493
4920,customer,True,True,2026-03-03 08:24:45.410920152
4921,customer,True,True,2025-09-07 16:20:24.353081823
4922,customer,True,True,2025-10-20 16:00:31.775066721
4923,customer,True,True,2024-03-31 07:22:43.604785267
4924,customer,True,True,2025-11-12 11:40:37.733807594
4925,customer,True,True,2026-02-04 06:19:53.651504162
4926,customer,True,True,2025-09-14 19:37:53.826216992
4927,customer,True,False,2025-08-21 08:16:49.159587628
4928,customer,True,True,2024-02-05 00:00:00.000000000
4929,customer,True,True,2025-11-15 16:09:14.928056528
4930,customer,True,True,2026-04-25 18:46:20.411503655
4931,customer,True,True,2026-01-10 23:56:16.664817216
4932,customer,True,False,2025-09-15 07:38:47.457677490
4933,customer,True,True,2025-08-04 19:50:40.955092458
4934,customer,True,False,2026-05-28 23:54:53.937509867
4935,customer,True,False,2026-01-28 23:36:54.765169768
4936,customer,True,True,2024-05-02 01:46:28.649946274
4937,customer,True,True,2026-03-26 09:31:09.062565563
4938,customer,True,True,2025-04-14 04:00:51.185829445
4939,customer,True,True,2026-01-05 18:17:45.165113745
4940,customer,True,True,2025-11-04 13:49:09.331564993
4941,customer,True,True,2026-05-21 06:10:03.734058119
4942,customer,True,True,2025-12-21 09:06:41.001639743
4943,customer,True,True,2025-09-18 01:35:00.274801497
4944,customer,True,True,2025-11-13 07:31:20.928737332
4945,customer,True,True,2025-12-10 21:27:15.245944209
4946,customer,True,True,2025-07-03 00:48:06.378974750
4947,customer,True,True,2026-05-03 22:37:03.320462877
4948,customer,True,False,2025-09-07 15:20:33.136556399
4949,customer,True,True,2026-06-25 03:45:33.467707803
4950,customer,True,True,2025-01-15 03:44:22.705757158
4951,customer,True,True,2025-12-05 01:23:11.798406200
4952,customer,True,True,2025-05-05 01:36:35.510961932
4953,customer,True,True,2026-07-15 03:31:51.863025784
4954,customer,True,True,2025-06-16 01:26:09.146360755
4955,customer,True,True,2026-03-07 13:30:22.598245651
4956,customer,True,True,2025-11-03 06:48:15.531946601
4957,customer,True,True,2025-06-11 15:16:43.665849334
4958,customer,True,True,2025-11-21 00:15:40.875043136
4959,customer,True,True,2025-07-14 09:21:04.210833399
4960,customer,True,True,2026-01-03 10:51:15.856113863
4961,customer,True,True,2024-12-17 01:13:48.077291695
4962,customer,True,True,2025-12-05 13:01:02.300741297
4963,customer,True,True,2025-12-02 00:03:19.987422051
4964,customer,True,False,2025-11-28 16:52:15.274983804
4965,customer,True,False,2025-11-08 14:43:41.298406836
4966,customer,True,True,2026-04-30 01:34:39.742606673
4967,customer,True,True,2026-03-29 17:19:15.152813392
4968,customer,True,True,2025-03-21 06:31:46.078449819
4969,customer,True,True,2025-05-05 05:48:19.056219351
4970,customer,True,False,2025-05-24 06:42:58.265519170
4971,customer,True,True,2025-08-06 15:33:43.586718817
4972,customer,True,True,2026-02-01 06:52:53.339733852
4973,customer,True,True,2026-02-15 04:47:25.537398470
4974,customer,True,True,2025-11-16 13:35:15.867613781
4975,customer,True,True,2025-01-29 02:15:22.041951846
4976,customer,True,True,2025-09-30 11:28:31.129204826
4977,customer,True,True,2026-04-03 17:52:10.176071002
4978,customer,True,True,2026-05-16 05:38:17.700401429
4979,customer,True,True,2025-04-25 19:44:40.925031346
4980,customer,True,True,2024-10-07 12:48:42.720869040
4981,customer,True,True,2026-05-31 22:59:14.174752569
4982,customer,True,True,2025-04-15 14:42:11.259997048
4983,customer,True,True,2025-08-12 08:32:08.459173323
4984,customer,True,False,2026-03-11 11:23:29.846855061
4985,customer,True,True,2025-09-27 16:05:56.284829935
4986,customer,True,True,2026-04-19 06:15:55.585896100
4987,customer,True,True,2025-12-18 15:43:05.759598821
4988,customer,True,True,2025-11-06 07:50:46.865473112
4989,customer,True,False,2024-12-20 17:01:05.708812230
4990,customer,True,True,2025-12-26 15:37:07.433851003
4991,customer,True,True,2026-02-26 18:43:25.780852972
4992,customer,True,True,2025-08-30 10:06:44.542743106
4993,customer,True,False,2025-07-07 11:23:43.144300283
4994,customer,True,False,2026-03-03 04:50:09.779196080
4995,customer,True,True,2026-04-07 12:12:39.817838613
4996,customer,True,True,2026-03-30 05:47:42.436387925
4997,customer,True,True,2024-12-19 09:02:37.870633505
4998,customer,True,True,2025-07-18 20:22:32.122941811
4999,customer,True,True,2026-01-06 01:51:31.486644214
5000,customer,True,True,2025-02-20 00:33:26.767946339
5001,customer,True,True,2026-03-04 02:42:34.500765958
5002,customer,True,False,2025-11-23 18:21:13.829626296
5003,customer,True,True,2026-04-20 16:57:09.426178121
5004,customer,True,True,2025-03-06 20:14:43.635816949
5005,customer,True,False,2026-03-13 11:23:53.786023639
5006,customer,True,True,2026-03-10 22:47:20.061272182
5007,customer,True,True,2025-08-25 06:43:22.120856455
5008,customer,True,True,2026-06-28 10:59:49.662382152
5009,customer,True,True,2026-05-08 20:28:11.617025722
5010,customer,True,True,2025-06-02 11:10:56.381953446
5011,customer,True,True,2026-03-31 17:50:45.584731338
5012,customer,True,True,2024-02-05 00:00:00.000000000
5013,customer,True,True,2025-10-08 17:39:16.028018099
5014,customer,True,False,2026-06-04 21:26:38.674497224
5015,customer,True,True,2024-09-16 02:55:03.362582145
5016,customer,True,True,2025-10-08 23:03:52.290074374
5017,customer,True,True,2025-12-14 09:49:22.460208192
5018,customer,True,True,2025-10-09 17:10:04.625795695
5019,customer,True,True,2026-06-05 07:53:14.123615067
5020,customer,True,True,2025-11-17 20:15:33.415736026
5021,customer,True,True,2026-03-24 14:06:12.560581933
5022,customer,True,True,2025-11-29 01:33:19.631267203
5023,customer,True,True,2026-01-28 14:04:38.344216268
5024,customer,True,False,2025-10-20 07:14:53.592922444
5025,customer,True,True,2026-01-06 05:00:00.565475288
5026,customer,True,False,2026-02-06 10:51:33.914138735
5027,customer,True,True,2026-04-04 22:08:36.742674936
5028,customer,True,True,2026-06-02 21:14:28.203911051
5029,customer,True,True,2026-06-13 22:44:22.120332533
5030,customer,True,True,2026-05-06 06:50:23.479468348
5031,customer,True,True,2025-06-24 03:19:36.343200533
5032,customer,True,False,2026-04-10 09:16:26.266986227
5033,customer,True,True,2026-02-28 02:21:26.869996982
5034,customer,True,True,2026-02-26 22:56:28.992234437
5035,customer,True,False,2026-01-26 08:17:32.510098433
5036,customer,True,False,2025-08-08 18:01:54.635339148
5037,customer,True,True,2026-01-07 17:17:28.903510439
5038,customer,True,True,2025-05-03 19:36:27.485787096
5039,customer,True,False,2026-05-05 09:30:46.679671887
5040,customer,True,True,2025-06-04 01:26:28.731955823
5041,customer,True,False,2024-11-06 16:10:27.210208910
5042,customer,True,False,2025-11-20 04:52:20.049089227
5043,customer,True,True,2026-04-17 03:27:55.630828962
5044,customer,True,True,2025-08-03 22:26:37.238858264
5045,customer,True,True,2025-11-16 23:02:52.459998752
5046,customer,True,False,2025-09-15 06:37:54.128041220
5047,customer,True,False,2025-04-25 00:20:38.815066712
5048,customer,True,True,2026-01-19 10:10:24.749005489
5049,customer,True,False,2026-02-10 22:09:52.569795540
5050,customer,True,True,2024-02-05 00:00:00.000000000
5051,customer,True,False,2025-07-31 17:43:45.488927433
5052,customer,True,True,2025-03-01 23:07:14.348197463
5053,customer,True,True,2025-05-12 16:43:13.323408796
5054,customer,True,True,2025-02-25 17:46:01.951353619
5055,customer,True,True,2025-09-07 16:34:02.971381798
5056,customer,True,True,2025-04-07 11:51:29.057211441
5057,customer,True,True,2026-02-27 08:16:43.106793042
5058,customer,True,True,2026-06-04 06:41:08.888745244
5059,customer,True,True,2026-03-28 23:14:20.305865752
5060,customer,True,True,2025-12-13 09:01:31.630604886
5061,customer,False,False,2026-01-04 01:00:49.398318689
5062,customer,True,True,2025-11-15 21:45:57.003208644
5063,customer,True,True,2026-03-06 09:59:09.725456919
5064,customer,True,True,2026-06-23 21:27:33.374683680
5065,customer,True,True,2026-01-23 11:41:07.626963702
5066,customer,True,True,2026-05-14 19:31:00.429908866
5067,customer,True,True,2025-11-23 18:15:32.175670309
5068,customer,True,True,2025-08-27 20:07:59.540986705
5069,customer,True,True,2026-01-26 06:13:43.825411206
5070,customer,True,True,2026-04-22 15:07:57.369730152
5071,customer,True,True,2025-11-06 09:46:32.028503938
5072,customer,True,True,2024-02-05 00:00:00.000000000
5073,customer,True,True,2025-07-31 20:26:32.669557901
5074,customer,True,True,2025-07-13 03:58:25.922593946
5075,customer,True,True,2026-02-09 18:27:19.806497361
5076,customer,True,True,2026-03-21 05:33:13.293555979
5077,customer,True,True,2025-02-24 23:00:02.256212480
5078,customer,True,True,2026-07-05 20:06:54.734009809
5079,customer,True,True,2026-03-10 00:34:07.263893868
5080,customer,True,True,2024-08-05 09:04:58.050608345
5081,customer,True,True,2025-12-04 16:20:06.553376699
5082,customer,True,True,2026-05-28 05:30:05.718340285
5083,customer,True,True,2025-08-20 22:41:47.739522840
5084,customer,True,False,2026-01-25 08:02:25.879436339
5085,customer,True,True,2026-06-10 02:24:29.275094054
5086,customer,True,True,2025-10-03 13:29:01.611783451
5087,customer,True,True,2025-11-03 05:36:03.544495189
5088,customer,True,False,2025-11-14 05:58:53.943721960
5089,customer,True,True,2025-08-04 09:17:08.043787464
5090,customer,True,True,2026-04-28 04:10:17.977739192
5091,customer,True,False,2025-09-12 02:00:51.320958322
5092,customer,True,True,2025-10-20 04:38:44.841096880
5093,customer,True,True,2025-03-04 03:03:30.566984902
5094,customer,True,True,2026-03-11 13:14:37.703709897
5095,customer,True,True,2025-01-03 02:42:34.630856373
5096,customer,True,True,2025-05-17 19:52:00.874589126
5097,customer,True,True,2025-12-11 11:49:33.785177941
5098,customer,True,True,2025-11-14 08:44:03.983503840
5099,customer,True,True,2026-07-03 14:30:03.516274363
5100,customer,True,False,2025-11-19 13:54:23.348964428
5101,customer,True,True,2025-06-06 23:07:36.602269585
5102,customer,True,True,2026-01-06 04:22:57.373530868
5103,customer,True,False,2025-03-04 23:17:30.115668466
5104,customer,True,True,2025-08-16 20:34:25.665269970
5105,customer,True,True,2024-03-15 08:23:19.193427952
5106,customer,True,True,2026-03-03 10:01:19.637486778
5107,customer,True,True,2025-07-03 13:24:11.933449975
5108,customer,True,True,2026-05-12 18:35:58.775099027
5109,customer,True,False,2025-12-22 19:43:04.887918521
5110,customer,True,True,2025-08-02 17:43:49.817690873
5111,customer,True,True,2025-06-16 23:12:16.362468888
5112,customer,True,False,2026-01-18 00:43:02.989602613
5113,customer,True,True,2025-01-27 03:44:59.068871477
5114,customer,True,True,2024-11-09 10:31:08.530521503
5115,customer,True,True,2026-03-02 00:42:59.628036379
5116,customer,True,False,2025-12-17 16:06:09.806528163
5117,customer,True,True,2026-01-03 18:31:56.148700731
5118,customer,True,False,2026-02-09 20:59:40.941553823
5119,customer,True,True,2024-12-04 17:36:29.240326656
5120,customer,True,False,2024-12-09 05:29:43.545755648
5121,customer,True,True,2025-12-29 11:09:35.686929713
5122,customer,True,True,2025-07-04 20:28:22.181875957
5123,customer,True,True,2025-03-08 21:03:07.617173867
5124,customer,True,True,2025-09-30 16:49:24.338370392
5125,customer,True,True,2026-01-10 10:40:41.855121434
5126,customer,True,True,2026-03-10 12:57:13.867962832
5127,customer,True,True,2025-06-09 10:27:32.611816161
5128,customer,True,True,2026-05-06 16:42:52.102283415
5129,customer,True,True,2026-01-06 07:33:23.971605728
5130,customer,True,True,2026-02-01 05:24:32.849325672
5131,customer,True,True,2026-05-11 09:23:01.870653734
5132,customer,True,True,2025-12-04 08:07:53.048641872
5133,customer,True,True,2025-12-21 05:29:36.122534071
5134,customer,True,True,2026-04-02 14:31:13.543704403
5135,customer,True,False,2024-12-19 12:11:34.773559193
5136,customer,True,False,2025-06-07 11:38:25.969147800
5137,customer,False,True,2025-11-11 08:48:49.172965431
5138,customer,True,True,2025-04-25 03:46:46.678632399
5139,customer,True,True,2025-02-10 14:17:18.103862251
5140,customer,True,True,2024-12-02 04:06:54.947972045
5141,customer,True,True,2026-03-04 02:47:26.126750498
5142,customer,True,False,2025-04-25 06:37:58.154596424
5143,customer,True,False,2025-12-20 12:51:13.750290807
5144,customer,True,True,2025-10-07 23:47:37.615904823
5145,customer,True,True,2026-02-26 01:11:21.296872344
5146,customer,True,True,2025-11-20 03:14:01.028765403
5147,customer,True,True,2025-04-20 19:48:31.477960576
5148,customer,True,True,2024-08-23 12:32:25.580543160
5149,customer,True,True,2025-12-07 17:31:48.893159744
5150,customer,False,True,2026-03-30 08:42:59.809238802
5151,customer,True,False,2024-06-16 15:18:19.109567659
5152,customer,True,True,2026-03-08 17:37:25.910384676
5153,customer,True,True,2026-06-03 00:03:51.149113820
5154,customer,True,False,2026-02-16 02:27:34.045347312
5155,customer,True,True,2026-06-30 20:54:05.671487279
5156,customer,True,True,2025-02-27 16:13:10.630742872
5157,customer,False,True,2026-03-16 08:58:14.210196128
5158,customer,True,True,2026-04-24 10:26:41.371459178
5159,customer,True,True,2025-10-27 06:04:30.881896767
5160,customer,True,False,2024-08-23 07:16:56.815179557
5161,customer,True,True,2025-08-12 09:02:20.355768099
5162,customer,True,True,2026-05-07 22:16:15.601546290
5163,customer,True,True,2024-02-05 00:00:00.000000000
5164,customer,True,True,2025-09-09 13:24:45.682806684
5165,customer,True,False,2025-04-02 17:50:09.854759596
5166,customer,True,True,2026-05-23 09:56:35.454363337
5167,customer,True,True,2024-04-03 05:09:18.955844836
5168,customer,True,True,2026-01-20 19:47:01.262399874
5169,customer,True,True,2026-05-28 14:39:07.607199580
5170,customer,True,False,2025-10-03 10:28:24.658380305
5171,customer,True,True,2025-04-02 21:33:42.964301512
5172,customer,True,True,2025-07-06 05:33:16.879358077
5173,customer,True,True,2025-07-10 21:30:06.423745528
5174,customer,True,True,2025-07-29 13:31:30.996623727
5175,customer,True,True,2025-10-22 06:48:57.822213413
5176,customer,True,True,2026-05-23 15:47:23.523090960
5177,customer,True,True,2025-12-22 23:51:18.018020376
5178,customer,True,False,2026-01-14 00:29:50.440949270
5179,customer,True,True,2024-11-30 14:00:00.172909674
5180,customer,True,True,2025-02-27 04:00:31.250123494
5181,customer,True,True,2026-02-02 07:40:48.657316435
5182,customer,True,True,2025-05-22 20:12:38.321452861
5183,customer,True,True,2025-11-29 03:59:28.927925996
5184,customer,True,True,2026-06-02 18:33:26.187989043
5185,customer,True,True,2026-07-03 06:41:10.259139550
5186,customer,True,True,2025-06-26 01:14:06.881657125
5187,customer,True,True,2026-04-13 15:21:38.506555740
5188,customer,False,True,2026-04-14 01:05:17.340444914
5189,customer,True,False,2026-03-05 12:01:58.691905920
5190,customer,True,True,2025-06-20 00:43:05.771620984
5191,customer,True,False,2025-02-22 11:59:06.176199797
5192,customer,True,True,2025-03-01 19:54:31.433235947
5193,customer,False,True,2026-06-09 03:24:00.982726451
5194,customer,True,True,2026-03-10 12:55:21.336597596
5195,customer,True,True,2026-03-28 13:43:05.813948736
5196,customer,True,False,2025-06-20 05:27:58.849270517
5197,customer,True,True,2026-03-08 16:50:29.316649638
5198,customer,True,False,2025-12-11 22:34:44.097929714
5199,customer,True,True,2025-05-26 04:51:14.183133002
5200,customer,True,True,2025-11-08 05:43:35.542055566
5201,customer,True,True,2025-09-10 11:37:47.616365007
5202,customer,True,True,2025-12-18 02:37:15.126409344
5203,customer,True,True,2025-03-29 19:23:25.490877484
5204,customer,True,False,2025-02-25 06:53:13.697650070
5205,customer,True,True,2025-07-29 16:14:14.654984928
5206,customer,True,True,2025-02-23 21:32:14.670348029
5207,customer,True,True,2024-02-05 00:00:00.000000000
5208,customer,True,True,2025-05-31 05:03:19.783895945
5209,customer,True,False,2025-11-23 04:00:54.028640014
5210,customer,True,True,2025-09-05 05:56:41.418866426
5211,customer,True,True,2025-01-19 19:59:01.691501661
5212,customer,True,True,2026-01-22 14:00:36.943385979
5213,customer,True,False,2026-02-03 02:45:10.739150318
5214,customer,True,True,2025-09-09 02:52:18.239151893
5215,customer,True,False,2025-11-26 11:51:30.535237423
5216,customer,True,True,2026-03-29 14:19:02.256012080
5217,customer,True,True,2025-10-13 06:09:57.649350422
5218,customer,True,False,2024-11-05 04:20:16.853320836
5219,customer,True,False,2025-08-07 00:02:29.169317974
5220,customer,True,True,2026-04-18 09:39:16.534746499
5221,customer,True,True,2025-06-28 09:55:05.015279485
5222,customer,True,False,2026-01-01 00:10:21.161018280
5223,customer,True,True,2024-02-05 00:00:00.000000000
5224,customer,True,True,2025-07-19 11:47:51.345018347
5225,customer,True,True,2026-02-17 01:16:16.725090637
5226,customer,True,True,2025-06-08 02:24:28.313308590
5227,customer,True,True,2025-09-28 10:43:21.198633874
5228,customer,True,True,2024-12-14 02:03:41.339043968
5229,customer,True,True,2026-02-03 20:05:08.941282256
5230,customer,True,True,2025-07-20 01:54:57.863290882
5231,customer,True,False,2026-05-23 14:06:43.100072473
5232,customer,True,True,2025-10-22 01:49:21.370846616
5233,customer,True,False,2026-04-20 19:15:31.724499690
5234,customer,True,True,2025-10-05 10:57:00.502414316
5235,customer,True,True,2025-08-19 04:35:57.315354640
5236,customer,True,True,2025-07-29 20:12:27.693220303
5237,customer,True,True,2026-02-04 01:01:09.682892029
5238,customer,True,True,2025-10-16 00:13:09.015047282
5239,customer,True,True,2025-01-30 06:59:17.596605913
5240,customer,True,True,2024-07-04 12:37:23.140523998
5241,customer,True,True,2025-10-09 00:37:45.848211050
5242,customer,True,True,2025-01-20 12:08:12.463693271
5243,customer,True,False,2026-03-20 15:34:46.974403388
5244,customer,True,True,2026-01-13 10:13:19.984179156
5245,customer,True,True,2025-09-16 00:40:21.441400283
5246,customer,True,True,2025-11-25 07:44:59.134411660
5247,customer,True,True,2025-12-13 16:30:20.744704248
5248,customer,True,True,2025-02-26 22:34:35.192422920
5249,customer,True,True,2026-04-06 12:21:30.044320828
5250,customer,True,True,2026-03-27 17:36:21.322189654
5251,customer,True,True,2026-05-04 02:30:10.394173665
5252,customer,True,True,2025-09-09 07:59:10.668083851
5253,customer,True,True,2026-01-01 05:15:26.927001306
5254,customer,True,False,2025-03-31 13:39:36.775622834
5255,customer,True,True,2025-09-28 08:03:31.160208120
5256,customer,True,True,2026-02-07 04:59:46.970341976
5257,customer,True,True,2026-02-27 03:00:39.960625632
5258,customer,True,True,2026-07-03 00:49:57.404874159
5259,customer,True,True,2025-12-06 02:11:55.781061945
5260,customer,True,True,2026-04-19 13:33:28.206396130
5261,customer,True,True,2025-02-18 21:18:45.049154798
5262,customer,True,True,2026-01-08 19:11:45.322665070
5263,customer,True,True,2026-05-16 22:56:48.622541125
5264,customer,True,True,2024-12-11 16:40:39.759443210
5265,customer,True,True,2025-12-03 12:25:08.832790687
5266,customer,True,True,2025-06-30 01:28:33.623727030
5267,customer,True,True,2026-02-05 07:14:09.087528146
5268,customer,True,False,2024-11-28 08:39:55.931088405
5269,customer,True,True,2026-03-15 00:25:39.458456562
5270,customer,True,True,2026-01-01 07:01:16.647654297
5271,customer,True,True,2026-06-05 23:25:11.135199700
5272,customer,True,False,2024-12-07 22:53:18.644860876
5273,customer,True,True,2026-02-21 19:45:42.283076686
5274,customer,True,True,2025-09-04 00:19:52.364927543
5275,customer,True,True,2025-08-02 10:23:58.235179584
5276,customer,True,True,2025-02-08 05:40:01.561940953
5277,customer,True,True,2025-09-20 22:37:42.063110550
5278,customer,True,False,2025-11-23 01:59:18.416649984
5279,customer,True,False,2025-03-15 20:11:17.946396520
5280,customer,True,True,2025-08-06 12:23:14.454815859
5281,customer,True,True,2025-12-20 02:43:27.039426096
5282,customer,True,True,2024-11-20 12:27:44.713509443
5283,customer,True,True,2025-07-18 11:10:30.044712847
5284,customer,True,True,2026-04-26 19:47:07.824121927
5285,customer,True,False,2024-09-09 00:30:07.273020963
5286,customer,True,True,2026-02-08 17:33:08.822710884
5287,customer,True,True,2025-02-09 23:14:42.560782245
5288,customer,True,True,2026-05-15 17:56:40.129779878
5289,customer,True,True,2025-03-17 21:10:10.220295352
5290,customer,True,True,2026-04-21 18:17:35.999009621
5291,customer,True,True,2025-09-26 16:57:45.822986401
5292,customer,True,True,2025-07-25 12:49:28.868179095
5293,customer,False,True,2025-12-16 14:12:02.012932161
5294,customer,True,True,2025-11-01 11:56:27.880953847
5295,customer,True,True,2026-04-02 23:57:03.789846847
5296,customer,True,False,2025-04-20 15:48:39.680390624
5297,customer,True,True,2025-09-15 06:17:32.435994486
5298,customer,True,True,2026-03-15 15:55:45.183703933
5299,customer,True,True,2025-09-06 19:48:01.015034588
5300,customer,True,False,2025-08-30 19:29:44.672287687
5301,customer,True,True,2025-10-23 05:14:18.199195357
5302,customer,True,True,2026-07-02 16:12:04.104140781
5303,customer,True,False,2026-01-08 23:49:13.763830210
5304,customer,True,False,2025-04-25 07:50:23.417978430
5305,customer,True,True,2025-07-11 12:29:42.270217227
5306,customer,True,True,2025-07-19 05:44:53.071911238
5307,customer,True,True,2025-09-16 22:28:35.171481510
5308,customer,True,True,2025-03-20 20:10:23.486083551
5309,customer,True,True,2026-02-09 12:41:21.624887778
5310,customer,True,False,2026-03-08 11:48:20.539344704
5311,customer,True,True,2024-05-20 07:58:14.223651932
5312,customer,True,True,2026-02-23 02:57:48.465015504
5313,customer,True,True,2026-04-29 17:30:31.394114476
5314,customer,True,True,2025-12-19 14:02:20.821264193
5315,customer,True,True,2025-10-15 21:52:11.885705285
5316,customer,True,True,2025-03-18 18:14:09.885116205
5317,customer,True,False,2026-01-08 15:57:40.907486728
5318,customer,True,True,2026-01-09 22:19:06.265998432
5319,customer,True,True,2025-11-03 09:43:00.334150444
5320,customer,True,True,2026-02-02 21:05:57.885115673
5321,customer,True,False,2026-05-14 22:04:07.977375207
5322,customer,True,True,2026-04-23 08:17:54.017966674
5323,customer,True,True,2024-12-20 02:08:03.175528045
5324,customer,True,True,2025-05-25 19:11:58.814391051
5325,customer,True,True,2025-11-09 21:44:50.974655689
5326,customer,True,True,2025-07-12 08:26:10.912513779
5327,customer,True,True,2025-05-17 06:34:15.214069900
5328,customer,True,True,2026-02-16 14:11:45.556545293
5329,customer,False,False,2026-04-04 00:27:08.823201766
5330,customer,True,False,2025-01-27 15:45:16.422799248
5331,customer,True,True,2026-06-25 07:16:16.522196385
5332,customer,True,False,2025-07-08 05:51:47.122240130
5333,customer,True,True,2025-09-29 15:07:36.763085183
5334,customer,True,True,2025-03-03 17:55:03.701015602
5335,customer,True,False,2025-06-28 16:10:34.971248180
5336,customer,True,True,2025-07-13 23:43:39.687723123
5337,customer,True,True,2026-03-25 00:34:46.697785899
5338,customer,True,True,2025-05-06 03:38:47.952673714
5339,customer,True,True,2025-08-08 17:19:10.197727159
5340,customer,True,True,2026-03-11 03:52:44.749547167
5341,customer,True,False,2025-09-27 17:25:00.909248860
5342,customer,True,True,2026-04-15 01:35:09.335824464
5343,customer,True,True,2025-12-05 14:10:16.056645684
5344,customer,True,True,2024-02-05 00:00:00.000000000
5345,customer,True,True,2026-03-30 16:11:50.886733201
5346,customer,True,True,2026-05-15 15:05:51.665651944
5347,customer,True,True,2026-04-22 07:32:44.243408573
5348,customer,True,True,2025-12-08 00:52:19.437881523
5349,customer,True,True,2025-06-09 04:12:23.882346876
5350,customer,True,True,2025-10-28 16:20:16.189884707
5351,customer,True,True,2026-05-05 16:52:20.046754716
5352,customer,True,True,2025-06-12 18:30:30.129296740
5353,customer,True,False,2026-06-12 01:05:38.868130015
5354,customer,True,True,2026-04-27 03:34:33.582103519
5355,customer,True,True,2026-02-08 11:35:00.238049869
5356,customer,True,True,2025-02-09 03:12:28.566440568
5357,customer,True,False,2025-10-20 20:22:41.948366762
5358,customer,True,False,2025-10-12 22:28:34.609105008
5359,customer,True,True,2026-05-04 09:53:10.689130971
5360,customer,True,True,2026-01-26 01:32:59.285615050
5361,customer,True,True,2025-03-31 05:47:58.278918812
5362,customer,True,False,2025-08-24 03:05:41.145673774
5363,customer,True,True,2025-06-02 15:15:43.989534574
5364,customer,True,True,2025-11-11 03:01:09.510947144
5365,customer,True,False,2025-03-27 18:28:13.811403810
5366,customer,True,True,2026-05-04 21:40:33.658507206
5367,customer,True,True,2025-12-12 03:02:11.703599472
5368,customer,True,True,2025-07-19 18:09:55.358526289
5369,customer,True,False,2026-05-27 21:02:17.875881534
5370,customer,True,True,2026-07-09 13:04:01.150384029
5371,customer,True,False,2024-05-19 20:58:51.232709934
5372,customer,True,True,2025-10-18 01:59:59.634673841
5373,customer,True,True,2026-06-02 16:29:52.059370071
5374,customer,True,False,2025-10-23 04:34:44.612461414
5375,customer,True,True,2026-04-25 22:24:40.850746699
5376,customer,True,True,2026-03-25 01:21:07.031449340
5377,customer,True,True,2025-01-28 06:25:29.073885854
5378,customer,True,True,2026-02-05 04:19:51.900484397
5379,customer,True,True,2026-02-06 06:33:05.644097992
5380,customer,True,True,2026-04-28 14:03:45.266884002
5381,customer,True,False,2026-01-06 12:41:42.121635499
5382,customer,True,False,2025-10-04 20:58:33.028496418
5383,customer,True,False,2026-02-05 08:02:05.855480927
5384,customer,True,True,2024-02-05 00:00:00.000000000
5385,customer,True,False,2026-04-07 21:10:53.339769368
5386,customer,True,False,2026-04-08 10:36:59.422523377
5387,customer,True,True,2026-01-12 17:22:57.965154508
5388,customer,True,False,2024-03-16 08:52:03.625450286
5389,customer,True,True,2025-05-28 23:08:34.617733838
5390,customer,True,False,2026-02-09 19:18:31.031059922
5391,customer,True,True,2026-02-09 16:43:37.900061069
5392,customer,True,True,2026-04-11 11:19:58.441645569
5393,customer,True,True,2026-01-17 02:12:54.811575948
5394,customer,True,True,2025-12-16 19:19:23.504514759
5395,customer,True,True,2025-06-11 01:53:31.151671484
5396,customer,True,True,2025-08-07 02:58:30.378254428
5397,customer,True,False,2026-01-21 22:19:11.450513471
5398,customer,True,True,2024-09-30 22:37:39.139970480
5399,customer,True,True,2026-02-27 13:53:55.344444893
5400,customer,True,True,2026-05-16 23:59:04.481494011
5401,customer,True,True,2025-09-24 21:40:26.685955391
5402,customer,True,True,2025-02-23 13:43:18.107192617
5403,customer,True,True,2025-11-18 13:02:51.019589452
5404,customer,True,True,2026-05-01 19:37:12.452717770
5405,customer,True,True,2025-10-12 07:57:52.493805208
5406,customer,True,False,2025-09-16 00:26:06.956352891
5407,customer,True,True,2025-08-23 11:29:38.896684737
5408,customer,True,True,2025-10-08 03:50:44.855524655
5409,customer,True,True,2025-01-08 18:47:01.505464394
5410,customer,True,False,2026-04-13 17:03:38.260856368
5411,customer,True,True,2026-07-17 02:13:36.113241441
5412,customer,True,False,2026-06-11 23:47:02.909025609
5413,customer,True,True,2026-05-02 22:53:04.300217008
5414,customer,True,False,2025-04-23 03:38:51.785770817
5415,customer,True,True,2026-01-06 13:44:17.360782322
5416,customer,True,True,2024-08-27 14:19:26.185957372
5417,customer,True,True,2026-04-20 08:37:46.207708583
5418,customer,True,True,2024-09-05 17:15:02.872194527
5419,customer,True,False,2026-03-23 21:27:39.337842681
5420,customer,True,True,2025-12-17 02:34:27.453609717
5421,customer,True,True,2026-06-02 06:45:43.455446102
5422,customer,True,True,2024-11-03 17:02:25.367342494
5423,customer,True,True,2025-11-23 22:09:33.185168021
5424,customer,True,False,2024-02-05 00:00:00.000000000
5425,customer,True,True,2025-02-07 14:31:58.745714356
5426,customer,True,True,2025-12-21 05:02:03.616588102
5427,customer,True,True,2026-03-06 12:49:16.925250096
5428,customer,True,False,2025-04-09 08:13:19.802038299
5429,customer,True,False,2025-11-04 15:35:28.617210865
5430,customer,True,True,2026-03-12 18:33:14.770826957
5431,customer,True,True,2025-10-21 11:26:02.106629304
5432,customer,True,False,2026-06-19 07:42:32.252330371
5433,customer,True,False,2025-08-18 22:49:51.968912866
5434,customer,True,True,2025-07-03 07:08:58.190205547
5435,customer,True,True,2026-04-23 10:11:36.490792658
5436,customer,True,True,2024-12-29 17:15:10.665210592
5437,customer,True,True,2025-03-18 03:39:18.967705033
5438,customer,True,True,2025-09-09 12:25:33.181453543
5439,customer,True,False,2026-03-31 13:35:55.411382118
5440,customer,True,True,2025-06-17 05:12:44.391830193
5441,customer,True,False,2026-01-14 22:45:11.431173387
5442,customer,True,True,2025-10-02 21:02:55.161263686
5443,customer,True,True,2025-05-21 12:52:37.919436923
5444,customer,True,True,2026-05-15 18:55:12.188344541
5445,customer,True,True,2026-06-04 15:33:46.808018566
5446,customer,True,False,2026-01-29 11:08:30.535744877
5447,customer,True,True,2024-03-22 10:25:59.945142997
5448,customer,True,True,2024-02-05 00:00:00.000000000
5449,customer,True,False,2025-08-24 08:01:04.579306145
5450,customer,True,True,2025-03-08 20:29:32.731183148
5451,customer,True,True,2025-11-16 05:57:50.060460986
5452,customer,True,False,2025-10-21 07:05:23.096857555
5453,customer,True,True,2025-12-17 07:20:35.866865867
5454,customer,True,True,2025-01-26 13:23:22.999306823
5455,customer,True,True,2024-08-22 10:01:43.776965592
5456,customer,False,True,2025-10-26 00:51:18.036326353
5457,customer,True,True,2025-10-22 04:23:06.692031883
5458,customer,True,False,2025-12-08 13:37:52.637486929
5459,customer,True,True,2024-08-10 19:55:00.102968210
5460,customer,True,False,2025-04-19 11:50:51.601569052
5461,customer,True,True,2026-04-02 22:41:37.975517904
5462,customer,True,True,2024-04-08 03:33:41.980014611
5463,customer,True,True,2026-07-03 21:31:39.130773065
5464,customer,True,True,2024-09-25 18:19:50.808003405
5465,customer,True,True,2025-02-24 11:48:29.486005788
5466,customer,True,False,2025-10-25 09:50:50.189953310
5467,customer,True,False,2025-10-30 07:08:08.648331801
5468,customer,True,True,2025-11-29 16:42:25.253168219
5469,customer,True,True,2026-03-29 02:28:24.122685309
5470,customer,True,False,2024-05-20 19:47:28.391393242
5471,customer,True,True,2025-11-05 04:08:38.990614488
5472,customer,True,True,2026-03-30 23:10:50.791270176
5473,customer,True,True,2024-06-20 21:53:34.948739455
5474,customer,True,True,2025-07-28 12:22:44.941773312
5475,customer,True,True,2025-07-13 04:48:04.776662120
5476,customer,True,False,2024-02-28 17:49:03.407678242
5477,customer,True,True,2025-06-06 14:22:40.530942734
5478,customer,True,True,2026-02-15 21:17:50.179724031
5479,customer,True,False,2025-06-07 00:47:29.088026158
5480,customer,True,True,2026-03-19 13:50:38.021626015
5481,customer,True,True,2026-01-21 12:44:29.513717336
5482,customer,True,True,2025-08-31 23:44:35.303798464
5483,customer,True,True,2025-03-13 23:12:10.623989379
5484,customer,True,True,2026-02-08 07:02:04.754604187
5485,customer,True,True,2025-12-04 21:14:23.146396806
5486,customer,True,True,2025-12-06 17:59:07.576851469
5487,customer,True,False,2025-01-14 08:11:04.271384352
5488,customer,True,False,2025-10-30 13:14:44.069774010
5489,customer,True,True,2024-04-15 08:53:05.164303618
5490,customer,True,False,2026-01-21 15:27:58.602745003
5491,customer,True,True,2026-02-02 07:28:39.841968424
5492,customer,True,False,2024-10-03 15:55:20.468991960
5493,customer,True,True,2025-06-29 20:22:15.735454208
5494,customer,True,True,2024-02-05 00:00:00.000000000
5495,customer,True,False,2024-10-19 17:30:15.135680644
5496,customer,True,True,2026-04-26 10:58:55.435434425
5497,customer,True,True,2025-11-04 04:40:42.163021650
5498,customer,True,True,2025-09-01 07:00:27.265171773
5499,customer,True,True,2025-09-17 09:43:43.167952149
5500,customer,True,True,2025-12-02 01:11:23.269319855
5501,customer,True,True,2025-09-21 20:31:29.849880093
5502,customer,True,True,2025-09-10 02:58:01.328904411
5503,customer,True,True,2026-02-06 03:27:22.121396802
5504,customer,True,True,2025-01-29 06:52:33.598659790
5505,customer,True,True,2024-06-15 00:30:59.580302084
5506,customer,True,True,2025-05-13 18:51:39.333352407
5507,customer,True,True,2025-08-05 12:21:40.598600550
5508,customer,True,True,2025-11-16 10:44:10.841468992
5509,customer,True,True,2025-09-03 04:44:35.910575353
5510,customer,True,True,2025-08-10 15:33:59.259442557
5511,customer,True,True,2026-03-28 17:24:16.595683860
5512,customer,True,True,2025-02-15 21:24:38.181699340
5513,customer,True,True,2026-01-11 16:14:52.411913042
5514,customer,True,True,2024-09-10 15:59:46.485871227
5515,customer,True,True,2025-09-29 01:32:08.544026804
5516,customer,True,True,2025-02-09 19:52:51.464888104
5517,customer,True,False,2025-05-18 04:26:45.251851702
5518,customer,True,True,2026-04-25 09:03:59.964155943
5519,customer,True,False,2024-10-20 01:15:59.313756615
5520,customer,True,True,2026-02-28 15:37:00.191407818
5521,customer,True,True,2026-01-21 17:35:26.960673961
5522,customer,True,True,2026-01-08 17:45:21.675641366
5523,customer,True,True,2026-05-23 21:26:26.230804089
5524,customer,True,True,2025-09-19 01:54:48.417889522
5525,customer,True,True,2025-01-18 16:46:48.433247939
5526,customer,True,True,2024-09-21 11:28:32.245599954
5527,customer,True,True,2025-12-02 02:18:32.900420832
5528,customer,True,True,2025-11-01 05:34:05.323490913
5529,customer,True,True,2025-04-27 19:33:18.724739248
5530,customer,True,True,2025-11-27 03:59:19.613858390
5531,customer,True,True,2024-12-16 16:38:21.984491668
5532,customer,True,True,2025-11-10 17:48:55.403881990
5533,customer,True,True,2026-03-16 18:32:59.744491331
5534,customer,True,True,2025-09-13 08:17:46.387627181
5535,customer,True,True,2026-05-11 14:23:20.070490396
5536,customer,True,False,2025-09-16 07:33:48.822973990
5537,customer,True,True,2025-08-04 13:47:54.413017726
5538,customer,True,True,2026-02-28 01:18:14.620612384
5539,customer,True,True,2025-08-14 05:20:10.832453999
5540,customer,True,True,2025-12-18 09:07:16.602618997
5541,customer,True,True,2026-03-05 00:18:58.815216902
5542,customer,True,False,2026-05-21 03:54:33.269587704
5543,customer,True,True,2026-05-03 10:17:59.462637078
5544,customer,True,True,2024-07-27 07:47:59.411725029
5545,customer,True,False,2025-12-25 01:56:30.702695194
5546,customer,True,True,2025-08-10 13:40:24.613157937
5547,customer,True,True,2025-12-03 12:58:36.560022359
5548,customer,True,True,2024-07-15 14:26:49.770427304
5549,customer,True,True,2026-03-04 10:40:08.567185749
5550,customer,True,False,2025-10-15 10:43:11.273527549
5551,customer,True,True,2026-01-22 17:14:12.789772608
5552,customer,True,True,2025-02-13 16:01:30.195423138
5553,customer,True,True,2025-08-13 03:40:54.620356789
5554,customer,True,True,2025-10-22 21:39:32.764239320
5555,customer,True,False,2026-04-22 20:36:08.707915080
5556,customer,False,False,2024-02-05 00:00:00.000000000
5557,customer,True,False,2025-11-28 11:13:10.074563611
5558,customer,True,True,2026-03-23 12:59:52.022655232
5559,customer,True,True,2026-05-20 20:54:12.899762531
5560,customer,True,True,2026-05-05 23:41:22.579444608
5561,customer,True,True,2025-10-24 19:32:11.379056914
5562,customer,True,True,2025-02-08 04:26:28.589659230
5563,customer,True,True,2025-08-29 00:42:39.115525392
5564,customer,True,True,2026-05-17 02:11:40.746170904
5565,customer,True,True,2025-10-25 05:28:50.372462782
5566,customer,True,False,2024-10-23 15:49:42.742097637
5567,customer,True,True,2025-12-30 15:31:02.283507048
5568,customer,True,True,2025-08-28 07:56:05.178940135
5569,customer,True,True,2025-12-23 15:45:04.390058149
5570,customer,True,False,2025-07-07 07:34:46.844719436
5571,customer,True,True,2026-03-06 06:51:11.212457602
5572,customer,True,True,2026-07-19 07:27:34.456087777
5573,customer,True,True,2026-04-17 19:39:59.131152101
5574,customer,True,False,2026-01-19 06:13:01.021805412
5575,customer,True,True,2025-11-13 20:34:14.367970517
5576,customer,True,True,2026-01-13 08:46:32.235406879
5577,customer,True,True,2026-01-16 08:47:16.451056289
5578,customer,True,True,2025-02-05 04:42:04.907161213
5579,customer,True,True,2026-04-03 04:16:59.724645557
5580,customer,True,False,2025-10-23 21:29:59.420483394
5581,customer,True,False,2026-05-12 17:04:37.191713414
5582,customer,True,True,2025-05-13 14:05:23.917737296
5583,customer,True,True,2025-09-04 00:08:13.085509258
5584,customer,True,True,2024-02-05 00:00:00.000000000
5585,customer,True,True,2026-04-06 23:50:53.373803174
5586,customer,True,False,2024-06-22 11:08:56.039247016
5587,customer,True,False,2026-03-24 15:01:23.865260106
5588,customer,True,True,2025-12-31 20:51:19.264465095
5589,customer,False,True,2026-04-30 15:50:00.389910498
5590,customer,True,True,2024-02-05 00:00:00.000000000
5591,customer,True,False,2025-07-30 18:08:16.043888104
5592,customer,True,True,2025-07-28 01:33:25.885387838
5593,customer,True,True,2026-03-14 18:31:01.024061705
5594,customer,True,True,2026-06-30 19:43:19.222004923
5595,customer,True,True,2026-01-07 07:36:52.382880467
5596,customer,True,True,2026-02-04 12:55:28.030634985
5597,customer,True,False,2026-06-09 05:03:08.774300855
5598,customer,True,False,2025-12-27 23:20:18.035548092
5599,customer,True,True,2025-10-23 12:31:48.145537929
5600,customer,True,True,2025-07-13 14:33:17.057836268
5601,customer,True,True,2026-06-26 05:01:11.345454011
5602,customer,True,True,2026-04-25 16:22:51.490600963
5603,customer,True,True,2026-03-10 18:52:00.962317497
5604,customer,True,True,2025-01-20 11:46:41.295104046
5605,customer,True,True,2025-01-27 10:43:56.543047266
5606,customer,True,False,2025-08-13 08:01:34.011236018
5607,customer,True,True,2025-12-30 19:38:10.176455326
5608,customer,True,False,2024-12-28 18:40:29.174126774
5609,customer,True,True,2025-09-11 15:51:57.514096176
5610,customer,True,True,2025-01-18 19:10:49.316406353
5611,customer,True,True,2025-08-02 02:04:02.624327285
5612,customer,True,True,2026-06-01 22:24:27.115385496
5613,customer,True,True,2026-07-01 07:00:52.282045308
5614,customer,True,False,2026-01-15 17:47:33.469451207
5615,customer,True,False,2025-04-06 20:28:36.084650492
5616,customer,True,True,2026-02-06 07:38:47.297980879
5617,customer,True,True,2024-10-15 20:02:53.949284676
5618,customer,True,True,2025-05-05 12:36:26.866046849
5619,customer,True,True,2024-11-21 23:36:37.341606612
5620,customer,True,True,2026-01-11 12:56:10.262481651
5621,customer,True,True,2026-03-30 17:28:56.500658337
5622,customer,True,False,2026-04-14 10:15:30.807163536
5623,customer,True,False,2025-07-09 06:25:27.970664869
5624,customer,True,True,2026-05-27 20:16:20.362107453
5625,customer,True,True,2026-05-23 19:24:50.000942146
5626,customer,True,True,2026-02-14 08:05:20.481814807
5627,customer,True,True,2025-09-20 02:26:23.202840097
5628,customer,True,True,2026-03-08 20:22:14.515810035
5629,customer,True,True,2025-01-26 15:23:34.306073578
5630,customer,True,True,2024-11-16 05:27:19.459943208
5631,customer,True,False,2026-07-12 06:27:53.343808693
5632,customer,True,True,2025-07-28 06:45:27.460103830
5633,customer,True,True,2026-02-05 15:33:17.341147020
5634,customer,True,True,2025-03-23 06:47:09.024423435
5635,customer,True,True,2025-07-19 14:24:42.228946875
5636,customer,True,True,2025-09-30 11:25:18.343815186
5637,customer,True,True,2025-11-28 17:18:50.805775763
5638,customer,True,True,2026-05-23 11:47:54.207163318
5639,customer,True,True,2024-02-05 00:00:00.000000000
5640,customer,True,True,2026-04-26 15:55:23.383347301
5641,customer,True,True,2024-06-17 02:04:43.209411612
5642,customer,True,True,2025-05-30 01:01:50.680781421
5643,customer,True,True,2026-01-29 16:10:51.164038186
5644,customer,True,True,2026-02-19 10:36:09.043497784
5645,customer,True,True,2026-05-26 05:34:06.319105649
5646,customer,True,True,2025-10-28 01:47:30.633628944
5647,customer,True,True,2026-05-28 18:58:42.777765250
5648,customer,True,True,2025-01-05 19:23:22.298399091
5649,customer,True,True,2025-09-08 17:12:10.079855390
5650,customer,True,True,2025-11-10 04:26:09.458797471
5651,customer,True,True,2025-10-16 02:12:45.828059432
5652,customer,True,True,2025-08-30 10:02:39.179556503
5653,customer,True,True,2026-01-03 18:50:14.139018969
5654,customer,True,True,2025-12-13 01:25:22.849353256
5655,customer,True,True,2024-04-24 07:44:00.024785195
5656,customer,True,False,2025-02-11 17:56:26.558703272
5657,customer,True,True,2025-06-11 08:22:58.342002399
5658,customer,True,True,2026-01-29 15:16:43.167050608
5659,customer,True,True,2026-06-17 09:50:54.241843301
5660,customer,True,True,2025-07-13 12:54:57.181212585
5661,customer,True,True,2025-10-16 16:20:04.722947184
5662,customer,True,False,2025-12-16 21:35:32.364037439
5663,customer,True,True,2025-11-19 07:12:44.844747864
5664,customer,True,True,2026-04-21 15:09:35.357520678
5665,customer,True,True,2026-03-25 17:15:22.113184352
5666,customer,True,True,2025-02-11 00:52:26.838773547
5667,customer,True,True,2026-06-28 02:38:49.433032433
5668,customer,True,True,2025-04-01 18:04:55.826796968
5669,customer,True,True,2024-09-26 17:57:26.918653159
5670,customer,True,True,2025-07-19 01:35:16.636894377
5671,customer,False,True,2025-07-31 18:01:04.567995463
5672,customer,True,True,2026-03-26 15:56:31.527429467
5673,customer,True,True,2026-03-10 08:02:06.870798361
5674,customer,True,True,2026-01-17 15:10:24.691304802
5675,customer,True,True,2026-05-09 05:49:48.182769345
5676,customer,True,True,2026-03-18 21:11:37.890215806
5677,customer,True,True,2025-10-17 10:21:43.961780169
5678,customer,True,True,2026-01-26 17:04:25.343683764
5679,customer,True,False,2025-09-29 03:12:18.780668629
5680,customer,True,True,2025-02-12 08:33:53.301613750
5681,customer,True,True,2025-09-30 19:33:24.326498800
5682,customer,True,True,2025-07-28 22:05:22.890911050
5683,customer,True,True,2026-05-29 19:39:23.974500408
5684,customer,True,True,2025-02-18 15:40:06.794321958
5685,customer,True,True,2026-05-31 09:34:07.050915639
5686,customer,True,True,2026-02-05 16:58:55.280876610
5687,customer,True,True,2026-04-17 04:21:09.989217648
5688,customer,True,True,2026-06-17 03:43:33.321468778
5689,customer,True,True,2025-10-12 00:13:19.220732640
5690,customer,True,False,2025-07-06 18:23:40.331875578
5691,customer,True,True,2024-09-15 09:53:40.216372495
5692,customer,True,True,2025-09-11 13:23:08.233934854
5693,customer,True,True,2026-03-19 13:39:29.652426839
5694,customer,True,True,2026-01-30 03:40:09.904862280
5695,customer,True,False,2026-06-10 05:44:18.933775654
5696,customer,True,True,2026-01-14 19:59:38.425629797
5697,customer,True,False,2025-11-12 23:44:26.730596913
5698,customer,True,True,2025-07-18 01:13:51.223398811
5699,customer,True,True,2025-05-07 04:42:47.397301811
5700,customer,True,False,2025-07-26 14:38:18.967794597
5701,customer,True,True,2026-03-31 03:42:02.363049957
5702,customer,True,False,2026-04-27 19:20:55.858594555
5703,customer,True,False,2025-05-28 21:51:22.621891070
5704,customer,True,True,2026-06-18 16:11:14.917576849
5705,customer,True,True,2024-02-10 14:57:24.883762476
5706,customer,True,True,2026-03-09 01:14:11.576500147
5707,customer,True,True,2024-12-31 15:18:03.941361133
5708,customer,True,True,2026-02-15 00:52:15.298397579
5709,customer,True,True,2025-06-30 09:55:07.123842239
5710,customer,True,True,2026-04-24 19:03:57.386211999
5711,customer,True,True,2025-11-01 10:36:56.128228710
5712,customer,True,True,2026-06-06 20:58:59.034408197
5713,customer,True,True,2025-08-30 07:08:48.029463819
5714,customer,True,True,2026-04-26 06:47:08.968605873
5715,customer,True,True,2026-04-12 14:31:06.545911803
5716,customer,True,True,2026-01-22 13:15:33.359357829
5717,customer,True,True,2025-12-22 10:57:37.682257217
5718,customer,True,True,2025-07-17 15:42:12.795063743
5719,customer,True,True,2025-08-12 09:52:15.863006580
5720,customer,True,True,2025-10-11 12:14:29.970632308
5721,customer,True,True,2025-04-02 18:41:35.146774669
5722,customer,True,True,2025-08-19 06:18:40.563337741
5723,customer,True,True,2025-08-01 16:17:43.030614371
5724,customer,True,True,2026-04-13 10:47:48.472220565
5725,customer,True,False,2025-03-08 14:49:58.198104158
5726,customer,True,True,2025-04-18 21:14:52.110283555
5727,customer,True,True,2025-10-01 06:20:26.022546900
5728,customer,True,False,2025-04-30 06:34:18.438285709
5729,customer,True,True,2025-11-16 13:18:08.332551072
5730,customer,True,True,2024-08-23 18:51:24.609568905
5731,customer,True,True,2025-10-20 22:05:55.073197945
5732,customer,True,True,2025-11-22 22:21:50.209867726
5733,customer,True,True,2025-08-17 11:58:45.656748152
5734,customer,True,True,2024-05-19 04:15:48.388435272
5735,customer,True,True,2026-02-10 19:43:23.582319033
5736,customer,True,True,2025-09-02 05:53:15.669115141
5737,customer,True,True,2026-01-31 16:39:28.440924976
5738,customer,True,True,2025-11-23 03:59:36.245014694
5739,customer,True,True,2026-03-20 01:11:44.678927372
5740,customer,True,True,2025-08-08 06:58:15.580585149
5741,customer,True,False,2025-11-06 13:54:45.102235427
5742,customer,True,True,2025-05-06 18:06:24.508461344
5743,customer,True,True,2025-02-10 08:26:35.211935409
5744,customer,True,True,2024-12-17 20:49:41.453597784
5745,customer,True,True,2026-01-26 02:44:03.647689599
5746,customer,True,True,2025-08-17 00:27:19.800568757
5747,customer,True,True,2024-11-22 17:53:26.798403815
5748,customer,True,True,2026-03-20 20:58:24.643977563
5749,customer,True,True,2025-10-16 14:12:52.277412877
5750,customer,True,True,2026-03-13 11:28:50.601151045
5751,customer,True,True,2024-05-26 02:17:36.652900776
5752,customer,True,True,2024-11-27 08:55:52.600105601
5753,customer,True,True,2025-07-06 00:17:40.312628117
5754,customer,True,True,2025-07-10 04:55:39.358819105
5755,customer,True,True,2026-03-02 09:35:25.158342308
5756,customer,True,True,2024-10-10 14:29:32.523808097
5757,customer,True,True,2025-12-30 02:54:23.419668082
5758,customer,True,True,2026-02-18 06:36:46.469981630
5759,customer,True,True,2025-01-21 22:12:25.933958266
5760,customer,True,True,2026-01-14 03:59:29.739039407
5761,customer,True,True,2026-02-12 20:37:29.656676468
5762,customer,True,True,2025-04-19 03:33:19.803513652
5763,customer,True,True,2026-04-20 14:52:30.204440288
5764,customer,True,True,2025-07-02 17:40:22.759242779
5765,customer,True,True,2025-10-14 05:43:18.730880835
5766,customer,True,True,2025-05-14 23:59:09.361624235
5767,customer,True,True,2025-07-31 19:02:19.128395976
5768,customer,True,True,2024-02-05 00:00:00.000000000
5769,customer,True,True,2025-09-24 18:11:10.490463336
5770,customer,True,True,2026-01-14 15:06:14.923017499
5771,customer,True,True,2025-11-05 11:49:56.246461162
5772,customer,True,True,2025-08-03 11:28:04.844422990
5773,customer,True,True,2024-06-23 14:54:30.403404922
5774,customer,True,False,2025-06-15 08:44:58.218919052
5775,customer,True,True,2026-03-08 20:04:32.547041723
5776,customer,True,True,2024-02-05 00:00:00.000000000
5777,customer,True,True,2025-02-24 21:56:02.946962565
5778,customer,True,True,2026-03-15 13:33:07.275859160
5779,customer,True,True,2026-04-12 18:41:44.549270290
5780,customer,True,False,2026-04-29 09:56:22.214544513
5781,customer,True,True,2025-11-15 11:53:31.953155609
5782,customer,True,True,2025-11-07 14:26:54.291016309
5783,customer,True,True,2026-02-21 02:41:56.305623057
5784,customer,True,True,2026-05-10 20:05:34.195441192
5785,customer,True,True,2026-04-10 17:30:29.326700258
5786,customer,True,False,2025-06-09 18:06:47.084738680
5787,customer,True,False,2025-12-27 09:33:21.435668733
5788,customer,True,True,2026-03-30 22:55:40.749752255
5789,customer,True,True,2025-10-14 23:00:33.633736572
5790,customer,True,True,2025-09-04 23:29:37.299825500
5791,customer,True,True,2025-08-10 15:22:02.625141038
5792,customer,True,True,2025-10-22 16:29:27.275045021
5793,customer,True,True,2025-11-21 19:35:32.180477367
5794,customer,True,False,2024-12-22 11:46:11.168179208
5795,customer,True,True,2026-04-06 20:01:09.685835282
5796,customer,True,True,2025-12-15 09:34:53.103334734
5797,customer,True,False,2026-06-11 19:13:09.781506515
5798,customer,True,True,2026-01-06 01:58:14.937182331
5799,customer,True,True,2025-09-30 07:58:31.126220686
5800,customer,True,True,2025-04-22 05:29:57.798149856
5801,customer,True,False,2026-06-10 06:52:35.416941154
5802,customer,True,True,2025-10-06 15:40:44.530523136
5803,customer,True,False,2024-04-10 20:42:28.785702940
5804,customer,True,True,2025-07-23 05:41:52.331099064
5805,customer,True,True,2026-04-24 01:03:46.676302428
5806,customer,True,False,2026-01-05 19:06:16.094252446
5807,customer,True,True,2025-07-14 21:31:20.296627732
5808,customer,True,True,2026-02-15 04:51:45.787221473
5809,customer,True,True,2025-09-12 00:53:56.443291366
5810,customer,True,True,2025-09-25 02:27:24.045029165
5811,customer,True,True,2025-11-18 05:37:11.627548084
5812,customer,True,True,2026-05-02 20:16:16.568469178
5813,customer,True,True,2026-02-28 22:55:35.992370787
5814,customer,True,True,2024-02-16 04:19:49.501197601
5815,customer,True,True,2026-01-15 21:27:37.827803149
5816,customer,True,True,2025-12-28 11:58:47.014854667
5817,customer,True,True,2025-12-29 08:17:01.723536327
5818,customer,True,True,2025-04-29 19:50:39.825659760
5819,customer,True,True,2025-12-20 11:45:50.538740778
5820,customer,True,False,2025-11-14 00:34:00.558775445
5821,customer,True,True,2025-10-06 12:41:17.929392084
5822,customer,True,True,2025-03-26 11:08:03.607294307
5823,customer,True,True,2025-11-13 03:40:22.931933616
5824,customer,True,True,2025-10-23 13:41:58.872644114
5825,customer,True,True,2026-02-08 21:08:56.300754607
5826,customer,True,True,2025-09-06 20:06:24.575173244
5827,customer,True,True,2025-07-02 07:12:59.820375762
5828,customer,True,False,2025-06-13 19:20:50.072486321
5829,customer,True,True,2024-05-13 04:24:52.082606791
5830,customer,True,True,2026-03-09 09:43:28.549096159
5831,customer,True,True,2025-11-05 08:52:16.629106098
5832,customer,True,True,2025-12-19 09:41:01.561455488
5833,customer,True,True,2024-08-12 21:45:51.794245265
5834,customer,True,False,2025-06-03 03:53:56.137715811
5835,customer,True,False,2026-05-24 06:47:10.223490904
5836,customer,True,True,2026-02-20 00:49:11.274147357
5837,customer,True,True,2026-01-07 18:32:48.939268062
5838,customer,True,True,2026-05-15 01:55:08.444682691
5839,customer,True,True,2025-10-21 19:27:25.314405020
5840,customer,True,True,2026-02-03 00:51:25.337146070
5841,customer,True,True,2024-04-20 12:51:26.018219929
5842,customer,True,False,2025-09-08 15:54:04.269477799
5843,customer,True,True,2026-01-13 17:33:13.582143098
5844,customer,True,True,2026-03-31 12:45:29.689363763
5845,customer,True,False,2025-11-21 13:25:28.979352247
5846,customer,True,True,2024-09-21 05:08:55.386885527
5847,customer,True,True,2025-12-17 12:15:23.651172939
5848,customer,True,False,2025-11-19 23:02:17.638971072
5849,customer,True,True,2025-02-09 10:20:04.166419797
5850,customer,True,True,2025-09-15 02:45:02.745472447
5851,customer,True,True,2025-05-05 21:48:36.970190223
5852,customer,True,False,2025-08-23 18:19:42.242901396
5853,customer,True,True,2025-09-05 17:08:35.518131661
5854,customer,True,True,2026-05-27 13:34:23.079731866
5855,customer,True,True,2026-04-14 02:09:46.380466311
5856,customer,True,True,2025-10-08 06:47:32.434337928
5857,customer,True,True,2026-03-22 06:16:45.378135636
5858,customer,True,True,2025-11-21 08:47:33.175062914
5859,customer,True,False,2026-04-22 05:10:07.637199724
5860,customer,True,True,2025-02-06 13:50:25.517172806
5861,customer,True,False,2026-03-09 10:17:07.111558130
5862,customer,True,False,2026-03-31 19:55:28.965156750
5863,customer,False,False,2026-05-10 07:45:56.181483147
5864,customer,True,True,2025-06-16 21:24:29.115194700
5865,customer,True,True,2025-11-21 14:48:48.202509364
5866,customer,True,False,2025-02-19 10:28:36.517145440
5867,customer,True,True,2026-02-07 23:21:49.119954374
5868,customer,True,True,2026-04-16 10:45:10.928534717
5869,customer,True,True,2025-11-29 16:01:24.031903409
5870,customer,True,True,2024-12-12 04:17:09.070840139
5871,customer,True,True,2026-05-29 00:19:36.964472598
5872,customer,True,True,2025-09-20 02:03:52.436440259
5873,customer,True,True,2025-08-28 20:15:27.040871486
5874,customer,True,True,2024-10-09 04:29:43.453086409
5875,customer,True,True,2026-03-17 16:24:08.211802790
5876,customer,True,False,2026-06-01 19:42:51.290460746
5877,customer,True,True,2026-01-25 13:17:53.375973415
5878,customer,True,True,2025-05-10 04:06:28.328872303
5879,customer,True,True,2025-11-09 20:45:55.554816537
5880,customer,True,False,2025-08-04 07:43:52.801652194
5881,customer,True,True,2026-04-10 19:40:44.201864537
5882,customer,True,True,2025-12-27 08:46:57.463994681
5883,customer,True,True,2025-11-02 21:02:27.011927824
5884,customer,True,False,2026-05-20 06:44:30.906324978
5885,customer,True,True,2025-11-04 00:18:21.077420755
5886,customer,True,True,2026-01-11 00:30:04.073988033
5887,customer,True,True,2024-02-05 00:00:00.000000000
5888,customer,True,True,2025-11-17 09:22:20.884829765
5889,customer,True,True,2024-09-15 19:18:07.087669235
5890,customer,True,True,2025-08-06 03:49:21.885990811
5891,customer,True,True,2025-12-09 05:38:30.075258665
5892,customer,True,True,2024-11-19 09:01:45.882770273
5893,customer,True,True,2026-04-23 23:49:17.290930688
5894,customer,True,False,2026-01-28 17:19:32.203382192
5895,customer,True,True,2025-04-22 10:10:00.050124424
5896,customer,True,True,2026-06-27 21:08:12.248296507
5897,customer,True,True,2025-11-23 10:38:08.954637700
5898,customer,True,True,2025-11-24 23:30:58.813919177
5899,customer,True,False,2025-09-27 03:48:21.783561843
5900,customer,True,True,2025-12-25 14:48:13.751909675
5901,customer,True,False,2025-05-04 21:08:05.165109586
5902,customer,True,True,2026-03-12 04:18:58.091477282
5903,customer,True,True,2025-03-23 11:54:31.689098050
5904,customer,True,True,2026-04-13 13:10:00.426419363
5905,customer,True,True,2025-09-10 03:56:14.638778699
5906,customer,True,False,2025-01-05 13:58:48.613873512
5907,customer,True,True,2026-03-21 20:38:47.166407100
5908,customer,True,True,2026-02-23 03:39:39.728072581
5909,customer,True,True,2025-03-12 01:32:20.429826792
5910,customer,True,True,2025-10-11 20:08:48.959539052
5911,customer,True,True,2026-06-01 03:53:29.408571232
5912,customer,True,True,2025-10-03 20:47:33.328679946
5913,customer,True,True,2025-06-23 19:38:43.898027445
5914,customer,True,True,2025-02-26 06:42:05.789702140
5915,customer,True,True,2025-09-15 11:35:59.973397248
5916,customer,True,True,2025-07-29 00:27:52.077878485
5917,customer,True,False,2024-08-02 21:11:39.058652029
5918,customer,True,True,2025-04-13 07:51:06.601015311
5919,customer,True,True,2025-12-31 11:23:09.709581184
5920,customer,True,False,2025-12-10 18:36:23.159259211
5921,customer,True,True,2025-01-20 17:03:27.222333400
5922,customer,True,True,2025-09-19 23:38:56.081714799
5923,customer,True,True,2025-10-21 13:07:26.229646949
5924,customer,True,True,2026-01-05 09:03:27.446793371
5925,customer,True,False,2025-02-03 11:51:16.377005244
5926,customer,True,True,2026-03-15 14:43:14.136182697
5927,customer,True,True,2026-01-28 09:26:32.465092157
5928,customer,False,True,2025-02-04 14:37:24.530862427
5929,customer,True,True,2025-02-08 22:02:46.860489390
5930,customer,True,False,2024-02-05 00:00:00.000000000
5931,customer,True,True,2025-11-22 18:28:48.727040336
5932,customer,True,True,2026-01-02 23:53:52.235883514
5933,customer,True,True,2025-12-18 00:37:10.362765340
5934,customer,True,True,2026-05-25 05:44:47.131024955
5935,customer,True,True,2026-06-22 04:09:40.523802806
5936,customer,True,True,2025-09-16 05:57:49.270498909
5937,customer,True,True,2026-01-14 16:08:27.039109140
5938,customer,True,False,2026-03-07 18:43:41.723081838
5939,customer,True,False,2025-10-24 09:32:59.297388015
5940,customer,True,True,2025-09-11 01:04:52.299622396
5941,customer,True,False,2025-12-05 04:29:10.590563968
5942,customer,True,True,2025-11-30 15:59:38.567046645
5943,customer,True,True,2026-01-16 10:05:25.927310452
5944,customer,True,True,2025-06-03 06:59:42.498586957
5945,customer,True,True,2026-02-06 22:39:20.681752784
5946,customer,True,True,2026-03-31 10:01:09.068901704
5947,customer,True,True,2026-01-22 14:11:36.145689090
5948,customer,True,True,2025-09-26 03:35:04.174191995
5949,customer,True,True,2025-05-17 02:27:13.099773805
5950,customer,True,True,2024-05-02 19:58:14.647664243
5951,customer,True,True,2025-10-23 09:57:49.857517593
5952,customer,True,True,2024-09-10 04:38:47.812271082
5953,customer,True,True,2026-02-18 02:07:28.323784103
5954,customer,True,True,2026-03-11 18:27:10.945643565
5955,customer,True,True,2025-08-09 05:56:09.731983048
5956,customer,True,True,2025-07-03 19:30:26.384949072
5957,customer,True,True,2025-10-03 05:45:46.498319816
5958,customer,True,True,2024-02-05 00:00:00.000000000
5959,customer,True,True,2026-02-10 22:46:24.425684274
5960,customer,True,True,2024-12-02 00:09:50.057876906
5961,customer,True,True,2026-03-08 16:33:35.762882856
5962,customer,True,False,2025-06-12 15:36:23.303499440
5963,customer,True,False,2025-10-31 20:53:43.609429272
5964,customer,True,True,2025-09-18 17:21:45.534989310
5965,customer,True,True,2025-08-06 16:19:49.513944703
5966,customer,True,True,2025-10-24 17:26:20.804919925
5967,customer,True,True,2025-12-01 07:20:43.852205628
5968,customer,True,True,2026-06-07 01:58:32.038138800
5969,customer,True,True,2025-03-31 17:35:01.098382872
5970,customer,True,True,2026-04-28 15:43:07.673669939
5971,customer,True,True,2026-01-12 21:10:55.975740808
5972,customer,True,True,2025-09-02 18:16:12.236851491
5973,customer,True,True,2026-04-13 09:25:22.218788989
5974,customer,False,True,2025-12-01 11:58:33.047151621
5975,customer,True,True,2025-05-06 15:48:00.023618284
5976,customer,True,True,2026-01-16 07:57:53.062285145
5977,customer,True,True,2025-11-28 13:21:15.822141066
5978,customer,True,True,2026-03-25 15:14:46.110507905
5979,customer,True,True,2025-12-29 13:20:40.846882120
5980,customer,True,True,2026-04-26 09:37:29.137826551
5981,customer,True,True,2025-09-29 05:21:55.539327330
5982,customer,True,True,2026-05-14 16:06:39.463625932
5983,customer,True,True,2026-02-15 20:14:39.470865602
5984,customer,True,True,2025-10-30 04:23:27.821925422
5985,customer,True,True,2025-12-13 01:40:46.720605268
5986,customer,True,False,2025-08-21 01:31:04.422370639
5987,customer,True,True,2025-11-27 23:34:04.242229551
5988,customer,True,True,2026-06-07 06:33:55.949508539
5989,customer,True,True,2026-04-14 22:02:01.770838118
5990,customer,True,True,2025-11-08 08:38:27.647280408
5991,customer,True,False,2025-02-15 21:19:51.968443628
5992,customer,True,True,2025-04-17 03:07:24.578535870
5993,customer,True,True,2024-02-05 00:00:00.000000000
5994,customer,True,True,2026-02-01 04:10:23.054728602
5995,customer,True,True,2025-05-16 15:06:21.890911058
5996,customer,True,True,2025-06-06 01:01:30.101189379
5997,customer,True,True,2024-08-24 13:29:32.893458329
5998,customer,True,True,2024-12-21 13:52:55.518356312
5999,customer,True,True,2025-09-13 10:55:22.422744043
6000,customer,True,True,2025-07-02 05:56:55.395505358
6001,customer,True,True,2025-08-20 05:04:16.464415311
6002,customer,True,True,2025-11-15 09:54:22.615373414
6003,customer,True,True,2025-07-21 00:22:22.500309447
6004,customer,True,True,2025-10-05 19:32:58.622846543
6005,customer,True,True,2025-10-14 13:04:10.842662286
6006,customer,True,True,2024-08-03 11:08:32.399334566
6007,customer,True,True,2025-09-09 04:05:49.959561086
6008,customer,True,False,2025-10-23 08:41:52.012937199
6009,customer,True,True,2025-12-08 00:18:58.779721959
6010,customer,True,True,2025-12-22 11:26:44.588463718
6011,customer,True,True,2026-04-17 12:55:09.051946358
6012,customer,True,True,2025-11-15 05:32:52.357697512
6013,customer,True,True,2025-01-29 05:11:37.469940801
6014,customer,True,True,2026-02-05 03:06:21.344379072
6015,customer,True,True,2024-02-05 00:00:00.000000000
6016,customer,True,False,2026-06-26 03:01:46.170673934
6017,customer,True,False,2025-07-30 11:41:41.658000369
6018,customer,True,True,2025-09-28 01:09:32.386120612
6019,customer,True,True,2024-08-11 16:34:55.509896456
6020,customer,True,True,2026-02-19 10:10:30.162417059
6021,customer,True,False,2026-04-27 11:15:40.252040088
6022,customer,True,True,2025-12-16 18:24:30.741761757
6023,customer,True,True,2026-01-11 02:12:33.734205254
6024,customer,True,True,2026-05-26 01:19:14.114176741
6025,customer,True,True,2025-10-21 12:39:32.199743935
6026,customer,True,True,2026-01-23 06:29:16.798618747
6027,customer,True,True,2024-11-03 05:57:09.256371866
6028,customer,True,True,2025-10-18 06:57:48.459956277
6029,customer,True,True,2026-03-06 18:48:07.669806336
6030,customer,True,True,2025-11-11 20:48:43.184502444
6031,customer,True,True,2025-10-02 02:14:56.771374897
6032,customer,True,True,2025-07-06 11:08:25.437478967
6033,customer,True,True,2025-11-02 18:07:05.459175264
6034,customer,True,True,2024-02-10 20:19:39.778702156
6035,customer,True,True,2026-04-20 08:17:23.557548947
6036,customer,True,True,2026-01-25 14:46:45.637603755
6037,customer,True,True,2026-03-06 07:01:49.311080320
6038,customer,True,True,2026-01-04 04:20:30.865560913
6039,customer,True,True,2025-09-06 14:49:32.257552501
6040,customer,True,True,2025-09-22 01:28:05.216172059
6041,customer,True,True,2025-07-12 17:39:13.843919558
6042,customer,True,False,2025-10-19 11:43:57.193231806
6043,customer,True,True,2025-10-07 13:07:58.856727144
6044,customer,True,True,2025-10-15 11:44:24.881757070
6045,customer,True,True,2026-01-18 09:47:48.042518931
6046,customer,True,True,2026-01-28 22:53:46.195772177
6047,customer,True,False,2026-03-08 14:03:22.766702360
6048,customer,True,True,2025-06-29 05:46:37.535192608
6049,customer,True,True,2026-06-19 07:59:03.748902075
6050,customer,True,True,2025-10-11 23:56:39.838411214
6051,customer,True,True,2025-05-11 02:23:02.265795595
6052,customer,True,True,2025-02-22 08:49:49.160863638
6053,customer,True,True,2026-06-30 17:52:13.498838271
6054,customer,True,True,2026-01-13 21:59:36.547108380
6055,customer,True,False,2026-03-01 21:39:03.873309665
6056,customer,True,True,2026-01-25 22:04:11.917407378
6057,customer,True,True,2024-12-13 00:34:43.234671412
6058,customer,True,True,2026-03-01 03:44:42.505459469
6059,customer,True,True,2025-05-11 18:50:18.128953560
6060,customer,True,False,2025-10-09 04:35:14.424496968
6061,customer,True,True,2026-01-31 20:01:38.577260347
6062,customer,True,False,2026-02-14 06:25:44.901853744
6063,customer,True,True,2025-09-18 00:33:52.007869008
6064,customer,True,False,2025-11-21 16:15:13.287441249
6065,customer,True,True,2026-05-30 03:05:34.442238622
6066,customer,True,True,2026-03-27 14:31:07.560778999
6067,customer,True,True,2025-09-12 11:52:11.236723588
6068,customer,True,True,2026-04-24 03:42:45.446999749
6069,customer,True,True,2025-03-31 05:06:23.891882913
6070,customer,True,True,2026-05-16 09:42:06.892978896
6071,customer,True,True,2025-12-25 10:57:56.630353246
6072,customer,True,True,2025-06-21 03:50:41.512583876
6073,customer,True,True,2026-04-04 10:40:45.788424143
6074,customer,True,True,2026-04-29 14:48:34.635617128
6075,customer,True,False,2025-08-07 07:40:45.539008830
6076,customer,True,True,2025-05-02 13:21:22.435401367
6077,customer,True,True,2025-12-14 02:53:56.639139263
6078,customer,True,False,2026-01-17 20:51:04.388017035
6079,customer,True,True,2026-05-18 22:40:23.992265073
6080,customer,True,True,2025-10-27 05:49:04.912931033
6081,customer,True,True,2026-06-07 14:18:43.099578781
6082,customer,True,False,2024-12-07 17:41:44.685509721
6083,customer,True,True,2025-12-06 02:08:36.813718626
6084,customer,True,True,2026-03-25 13:00:29.926215525
6085,customer,True,True,2026-02-15 11:45:57.259709574
6086,customer,True,True,2025-10-12 10:22:19.112388468
6087,customer,True,True,2026-01-25 02:03:56.427314328
6088,customer,True,False,2025-11-13 18:31:14.258121356
6089,customer,True,True,2026-04-08 16:37:35.795740328
6090,customer,True,True,2025-02-15 16:30:58.094846283
6091,customer,True,True,2026-02-12 19:36:42.505531777
6092,customer,True,False,2026-06-21 09:25:30.848209577
6093,customer,True,True,2026-01-13 00:12:27.302327949
6094,customer,True,True,2026-03-03 17:49:39.200537805
6095,customer,True,True,2025-03-10 03:46:42.209396219
6096,customer,True,True,2026-03-25 00:43:06.444020482
6097,customer,False,True,2026-01-27 00:25:28.889422502
6098,customer,True,True,2025-10-06 20:02:21.348565561
6099,customer,True,True,2025-07-11 02:04:51.710321021
6100,customer,True,True,2024-11-12 08:23:57.433149503
6101,customer,True,True,2026-03-16 13:47:47.920009843
6102,customer,True,True,2024-12-26 02:36:33.436677197
6103,customer,True,True,2025-03-22 17:05:03.737085384
6104,customer,True,True,2026-03-05 11:10:34.412701870
6105,customer,True,True,2026-03-18 17:24:18.622454956
6106,customer,True,True,2025-08-23 11:22:33.965428144
6107,customer,True,True,2025-11-18 02:17:02.924393718
6108,customer,True,True,2025-08-24 01:42:23.440553805
6109,customer,True,True,2026-01-08 08:29:48.077997335
6110,customer,True,False,2025-10-30 23:07:53.776658537
6111,customer,True,True,2025-12-05 00:14:20.629176680
6112,customer,True,True,2025-08-27 04:16:10.208680873
6113,customer,True,True,2026-03-22 08:10:17.549171703
6114,customer,True,True,2025-10-16 06:24:55.464464797
6115,customer,True,True,2024-11-20 09:51:47.908075081
6116,customer,True,False,2024-12-12 18:38:35.442518580
6117,customer,True,True,2025-09-23 01:57:13.952144178
6118,customer,True,True,2026-03-24 10:37:10.727488964
6119,customer,True,True,2024-05-13 13:14:28.981363673
6120,customer,True,True,2025-08-27 02:28:15.819672542
6121,customer,True,True,2024-07-02 05:50:32.489391812
6122,customer,True,True,2025-08-17 16:35:24.980730988
6123,customer,True,False,2026-07-03 21:50:00.911907572
6124,customer,True,True,2024-05-16 20:16:44.832952506
6125,customer,True,True,2025-05-06 08:29:56.712142205
6126,customer,True,True,2025-11-07 02:06:21.620362796
6127,customer,True,True,2026-06-02 16:13:31.584692134
6128,customer,True,False,2025-04-03 22:54:51.362368483
6129,customer,True,True,2025-08-19 22:01:20.885688855
6130,customer,True,False,2024-02-05 00:00:00.000000000
